id,participant_id,market_role_id,name,valid_from,valid_to,dno_code
0,1,5,Morrison Data Services Limited,2013-12-18 00:00:00+00,,
1,1,6,Morrison Data Services Limited,2003-12-19 00:00:00+00,,
2,1,7,Morrison Data Services Limited,2007-10-11 23:00:00+00,,
3,1,9,TMA Data Management Ltd,2015-10-13 23:00:00+00,,
4,1,10,Morrison Data Services Limited,1999-10-28 23:00:00+00,,
5,1,11,TMA Data Management Ltd,2015-10-13 23:00:00+00,,
6,1,12,Morrison Data Services Limited,1999-10-28 23:00:00+00,,
7,1,21,Morrison Data Services Limited,2007-10-11 23:00:00+00,,
8,3,27,Actaris UK Limited,2004-02-20 00:00:00+00,,
9,7,21,AES Smart Metering Ltd,2016-11-16 00:00:00+00,,
10,12,29,ALABAMA ENERGY LIMITED,2018-08-14 23:00:00+00,,
11,13,29,ALASKA ENERGY LIMITED,2018-08-14 23:00:00+00,,
12,14,29,ALBUQUERQUE ENERGY LIMITED,2018-04-10 23:00:00+00,,
13,15,29,The Co-operative Energy Ltd,2013-08-13 23:00:00+00,,
14,17,6,ORSIS UK (Ltd),2008-09-01 23:00:00+00,,
15,17,7,Orsis UK (Ltd),2007-11-09 00:00:00+00,,
16,18,29,Ampere Energy Supply Limited,2011-06-14 23:00:00+00,2012-03-14 23:30:00+00,
17,19,21,GB Metering Services Ltd,2015-08-18 23:00:00+00,,
18,20,29,Limejump Energy Limited,2013-03-20 00:00:00+00,,
19,24,29,SIMPLICITY ENERGY LIMITED,2017-11-15 00:00:00+00,,
20,25,29,Arruzzi Energy Supply Ltd,2017-11-15 00:00:00+00,,
21,26,29,AVRO ENERGY LIMITED,2015-11-18 00:00:00+00,,
22,27,29,Axis Telecom Limited,2012-05-15 23:00:00+00,,
23,28,29,Axpo UK Limited,2013-05-14 23:00:00+00,,
24,29,29,Together Energy Supply Limited,2016-11-16 00:00:00+00,,
25,30,29,Barbican Power Limited,2013-09-17 23:00:00+00,,
26,32,29,Bayswater Energy Limited,2013-03-20 00:00:00+00,,
27,33,29,Octopus Energy Limited,2016-09-20 23:00:00+00,,
28,35,29,Mongoose Energy Supply Limited,2015-08-18 23:00:00+00,,
29,36,0,British Gas Trading Ltd,2012-03-14 00:00:00+00,,
30,36,5,British Gas Trading Ltd,2013-11-20 00:00:00+00,,
31,36,21,British Gas Trading Ltd,2010-06-15 23:00:00+00,,
32,36,29,British Gas Trading Ltd,1996-03-31 23:00:00+00,,
33,38,29,British Gas Trading Ltd,2000-07-06 23:00:00+00,,
34,39,29,Bluebell Energy Supply Ltd,2016-08-16 23:00:00+00,,
35,40,6,BGlobal Metering Limited,2003-12-19 00:00:00+00,,
36,40,7,BGlobal Metering Limited,2003-12-19 00:00:00+00,,
37,40,9,TMA Data Management Ltd,2010-06-15 23:00:00+00,,
38,40,10,BGlobal Metering Limited,2003-12-19 00:00:00+00,,
39,40,11,TMA Data Management Ltd,2010-06-15 23:00:00+00,,
40,40,12,BGlobal Metering Limited,2003-12-19 00:00:00+00,,
41,40,21,BGlobal Metering Limited,2006-06-30 23:00:00+00,,
42,41,21,BGlobal Metering Limited,2011-11-16 00:00:00+00,,
43,42,21,Bury Metering Services Ltd,2015-08-18 23:00:00+00,,
44,44,0,Electricity Plus Supply Limited,2012-09-18 23:00:00+00,,
45,44,29,Electricity Plus Supply Ltd,2004-11-05 00:00:00+00,,
46,45,29,Zebra Power Limited,2016-11-16 00:00:00+00,,
47,47,29,Breeze Energy Supply Limited,2015-11-18 00:00:00+00,,
48,48,29,arto.energy Limited,2015-06-16 23:00:00+00,,
49,49,8,BT,2011-02-24 00:00:00+00,,
50,50,29,Bryt Energy Limited,2016-11-16 00:00:00+00,,
51,52,30,1 Embankment Place,1996-03-31 23:00:00+00,,
52,53,29,Callesti Energy Supply Ltd,2017-11-15 00:00:00+00,,
53,54,29,Scottish Power Energy Retail Ltd,2012-10-16 23:00:00+00,,
54,55,7,Inexus (Services) Limited,2005-03-25 00:00:00+00,,
55,55,21,Inexus (Services) Limited,2005-03-25 00:00:00+00,,
56,57,15,Logica UK Limited,1996-03-31 23:00:00+00,,
57,57,26,Logica UK Limited,1996-03-31 23:00:00+00,,
58,58,29,Cabra Energy Supply Limited,2018-04-10 23:00:00+00,,
59,63,29,Eddington Energy Supply Ltd,2016-03-16 00:00:00+00,,
60,67,21,Central Homes & Fac. Mngt Ltd,2016-12-21 00:00:00+00,,
61,68,3,MRA Service Company Limited,2011-12-14 00:00:00+00,,
62,68,6,MRA Service Company Limited,2011-12-14 00:00:00+00,,
63,68,7,MRA Service Company Limited,2011-12-14 00:00:00+00,,
64,68,9,MRA Service Company Limited,2011-12-14 00:00:00+00,,
65,68,10,MRA Service Company Limited,2011-12-14 00:00:00+00,,
66,68,11,MRA Service Company Limited,2011-12-14 00:00:00+00,,
67,68,12,MRA Service Company Limited,2011-12-14 00:00:00+00,,
68,68,18,MRA Service Company Limited,2011-12-14 00:00:00+00,,
69,68,20,MRA Service Company Limited,2011-12-14 00:00:00+00,,
70,68,21,MRA Service Company Limited,2011-12-14 00:00:00+00,,
71,68,22,MRA Service Company Limited,2011-12-14 00:00:00+00,,
72,68,23,MRA Service Company Limited,2011-12-14 00:00:00+00,,97
73,68,27,MRA Service Company Limited,2011-12-14 00:00:00+00,,
74,68,28,MRA Service Company Limited,2011-12-14 00:00:00+00,,
75,69,3,MRA Service Company Limited,2011-12-14 00:00:00+00,,
76,69,6,MRA Service Company Limited,2011-12-14 00:00:00+00,,
77,69,7,MRA Service Company Limited,2011-12-14 00:00:00+00,,
78,69,9,MRA Service Company Limited,2011-12-14 00:00:00+00,,
79,69,10,MRA Service Company Limited,2011-12-14 00:00:00+00,,
80,69,11,MRA Service Company Limited,2011-12-14 00:00:00+00,,
81,69,12,MRA Service Company Limited,2011-12-14 00:00:00+00,,
82,69,18,MRA Service Company Limited,2011-12-14 00:00:00+00,,
83,69,20,MRA Service Company Limited,2011-12-14 00:00:00+00,,
84,69,21,MRA Service Company Limited,2011-12-14 00:00:00+00,,
85,69,22,MRA Service Company Limited,2011-12-14 00:00:00+00,,
86,69,23,MRA Service Company Limited,2011-12-14 00:00:00+00,,98
87,69,27,MRA Service Company Limited,2011-12-14 00:00:00+00,,
88,69,28,MRA Service Company Limited,2011-12-14 00:00:00+00,,
89,70,3,MRA Service Company Limited,2011-12-14 00:00:00+00,,
90,70,6,MRA Service Company Limited,2011-12-14 00:00:00+00,,
91,70,7,MRA Service Company Limited,2011-12-14 00:00:00+00,,
92,70,9,MRA Service Company Limited,2011-12-14 00:00:00+00,,
93,70,10,MRA Service Company Limited,2011-12-14 00:00:00+00,,
94,70,11,MRA Service Company Limited,2011-12-14 00:00:00+00,,
95,70,12,MRA Service Company Limited,2011-12-14 00:00:00+00,,
96,70,18,MRA Service Company Limited,2011-12-14 00:00:00+00,,
97,70,20,MRA Service Company Limited,2011-12-14 00:00:00+00,,
98,70,21,MRA Service Company Limited,2011-12-14 00:00:00+00,,
99,70,22,MRA Service Company Limited,2011-12-14 00:00:00+00,,
100,70,23,MRA Service Company Limited,2000-01-01 00:00:00+00,,99
101,70,27,MRA Service Company Limited,2011-12-14 00:00:00+00,,
102,70,28,MRA Service Company Limited,2011-12-14 00:00:00+00,,
103,70,30,MRA Service Company Limited,2014-10-14 23:00:00+00,,
104,71,29,Cilleni Energy Supply Ltd,2017-11-15 00:00:00+00,,
105,72,0,Flow Energy Ltd,2013-05-14 23:00:00+00,2016-03-16 23:30:00+00,
106,72,29,Flow Energy Ltd,2011-06-14 23:00:00+00,,
107,73,29,Camaro Energy Supply Limited,2018-04-10 23:00:00+00,,
108,74,7,Access Install LTD,2017-04-18 23:00:00+00,,
109,74,21,Access Install LTD,2015-08-18 23:00:00+00,,
110,75,29,Neas Energy Ltd.,2009-11-18 00:00:00+00,,
111,76,0,Opus Energy (Corporate) Ltd.,2012-07-19 23:00:00+00,,
112,76,29,Opus Energy (Corporate) Ltd.,2004-11-05 00:00:00+00,,
113,77,29,Colgano Energy Supply Ltd,2017-11-15 00:00:00+00,,
114,78,29,COLORADO ENERGY LIMITED,2018-08-14 23:00:00+00,,
115,79,21,Complete Metering Limited,2016-12-21 00:00:00+00,,
116,80,29,ENSTROGA Ltd,2016-08-16 23:00:00+00,,
117,81,29,I Supply Energy Limited,2009-06-11 23:00:00+00,,
118,83,29,Corona Energy Retail 4 Limited,2016-07-19 23:00:00+00,,
119,84,29,Coulomb Energy Supply Limited,2011-06-14 23:00:00+00,,
120,85,29,TOTO Energy Ltd,2015-08-18 23:00:00+00,,
121,86,29,Affect Energy Ltd,2015-06-16 23:00:00+00,,
122,88,29,Reuben Power Supply Limited,2007-01-01 00:00:00+00,2016-11-16 23:30:00+00,
123,89,7,Dummy ID for Customers,2003-03-14 00:00:00+00,,
124,89,8,Dummy ID for Customers,2012-02-15 00:00:00+00,,
125,90,29,Business Power and Gas Limited,2015-11-18 00:00:00+00,,
126,92,9,Siemens Managed Services,1996-03-31 23:00:00+00,,
127,92,11,Siemens Managed Services,1996-03-31 23:00:00+00,,
128,92,21,Siemens Managed Services,1996-03-31 23:00:00+00,,
129,93,30,Data & Communications Company,2013-11-07 00:00:00+00,,
130,96,21,Dynamic Electric Metering Ltd,2016-12-21 00:00:00+00,,
131,98,29,Daisy Energy Supply Limited,2016-03-16 00:00:00+00,,
132,99,7,Tru Energy Limited,2017-12-20 00:00:00+00,,
133,99,29,Tru Energy Limited,2016-08-16 23:00:00+00,,
134,100,29,Social Energy Supply Ltd,2017-02-15 00:00:00+00,,
135,102,7,Droylsden Metering Services Limited,2016-09-20 23:00:00+00,,
136,102,21,Droylsden Metering Services Limited,2015-08-18 23:00:00+00,,
137,103,29,Donnington Energy Limited,2010-07-13 23:00:00+00,,
138,105,13,Drax Power Ltd,2015-11-18 00:00:00+00,,
139,105,16,Drax Power Ltd,2015-11-18 00:00:00+00,,
140,106,29,UK Healthcare Corporation Limited,2018-06-12 23:00:00+00,,
141,107,29,Dual Energy Direct Limited,2010-02-17 00:00:00+00,,
142,108,16,Dudgeon Offshore Wind Ltd,2017-06-13 23:00:00+00,,
143,109,7,Energy Assets Metering MAP,2017-06-13 23:00:00+00,,
144,110,17,30 Millbank,1996-03-31 23:00:00+00,,
145,111,29,BES Commercial Electricity Ltd,2009-11-18 00:00:00+00,,
146,112,29,British Gas Trading Ltd,2005-03-04 00:00:00+00,,
147,114,20,C&C Group Holdings Ltd,2006-02-10 00:00:00+00,,
148,115,29,Reuben Power Supply Limited,2000-01-21 00:00:00+00,,
149,116,29,Renewable Energy Company Ltd,2002-09-12 23:00:00+00,,
150,117,7,ECS Metering Services,2003-04-16 23:00:00+00,,
151,118,29,Energy Data Company Ltd,2013-11-20 00:00:00+00,2016-09-21 22:30:00+00,
152,119,29,Eddington Energy Supply Ltd,2017-02-15 00:00:00+00,,
153,121,1,EDF Energy Limited,2013-01-16 00:00:00+00,,
154,121,2,EDF Energy Limited,2013-09-17 23:00:00+00,,
155,121,7,EDF Energy Ltd Customer Field Service,2008-06-27 23:00:00+00,,
156,122,3,UK Power Networks (IDNO),2009-04-15 23:00:00+00,2014-12-17 23:30:00+00,
157,122,18,UK Power Networks (IDNO),2009-04-15 23:00:00+00,2014-12-17 23:30:00+00,
158,122,22,UK Power Networks (IDNO),2009-04-15 23:00:00+00,2014-12-17 23:30:00+00,
159,122,23,UK Power Networks (IDNO),2009-04-15 23:00:00+00,2014-12-17 23:30:00+00,28
160,122,28,UK Power Networks (IDNO),2009-04-15 23:00:00+00,2014-12-17 23:30:00+00,
161,123,29,Edgware Energy Ltd,2015-08-18 23:00:00+00,,
162,124,29,Electricity Direct (UK),1996-03-31 23:00:00+00,,
163,126,0,E.ON UK,2012-08-14 23:00:00+00,,
164,126,3,Eastern Power Networks,1996-03-31 23:00:00+00,,
165,126,4,Wherstead Park,1996-03-31 23:00:00+00,,
166,126,6,Siemens Managed Services,2004-04-29 23:00:00+00,,
167,126,7,Eastern Power Networks,2003-04-16 23:00:00+00,,
168,126,10,Siemens Managed Services,1996-03-31 23:00:00+00,,
169,126,12,Siemens Managed Services,1996-03-31 23:00:00+00,,
170,126,18,Eastern Power Networks,1996-03-31 23:00:00+00,,
171,126,21,Siemens Managed Services,1996-03-31 23:00:00+00,,
172,126,22,Eastern Power Networks,1996-03-31 23:00:00+00,,
173,126,23,Eastern Power Networks,1996-03-31 23:00:00+00,,10
174,126,27,Wherstead Park,1996-03-31 23:00:00+00,,
175,126,28,Eastern Power Networks,1996-03-31 23:00:00+00,,
176,126,29,E.ON Energy Ltd,1996-03-31 23:00:00+00,,
177,127,0,E.ON UK,2012-08-14 23:00:00+00,,
178,127,29,E.ON Energy Ltd,1998-08-16 23:00:00+00,,
179,128,29,ECONOMY ENERGY SUPPLY LTD,2014-11-19 00:00:00+00,,
180,129,29,OVO Energy,2012-03-14 00:00:00+00,,
181,130,29,Effortless Energy Ltd,2015-01-21 00:00:00+00,,
182,132,29,E (Gas and Electricity) Ltd,2019-01-23 00:00:00+00,,
183,133,29,ECO GREEN MANAGEMENT LIMITED,2016-09-20 23:00:00+00,,
184,134,29,ELECTRAPHASE LIMITED,2016-04-19 23:00:00+00,,
185,137,7,COMPLETE METERING LIMITED,2017-09-19 23:00:00+00,,
186,138,0,E.ON UK,2012-08-14 23:00:00+00,,
187,138,1,E.ON UK,2012-08-14 23:00:00+00,,
188,138,2,E.ON UK,2012-08-14 23:00:00+00,,
189,138,3,Western Power Distribution East Midlands,1998-11-09 00:00:00+00,,
190,138,4,Siemens Metering Services,1998-11-09 00:00:00+00,2012-01-18 23:30:00+00,
191,138,6,Siemens Operational Services,2004-04-29 23:00:00+00,,
192,138,7,Western Power Distribution East Midlands,2003-05-28 23:00:00+00,,
193,138,10,E.ON UK Energy Services Limited,1996-03-31 23:00:00+00,,
194,138,12,E.ON UK Energy Services Limited,1996-03-31 23:00:00+00,,
195,138,18,Western Power Distribution East Midlands,1998-11-09 00:00:00+00,,
196,138,21,E.ON UK Energy Services Limited,1996-03-31 23:00:00+00,,
197,138,22,Western Power Distribution East Midlands,1996-03-31 23:00:00+00,,
198,138,23,Western Power Distribution East Midlands,1996-03-31 23:00:00+00,,11
199,138,27,Powergen Energy plc,1999-03-09 00:00:00+00,,
200,138,28,Western Power Distribution East Midlands,1998-11-09 00:00:00+00,,
201,138,29,E.ON Energy Ltd,1996-03-31 23:00:00+00,,
202,140,21,Magnum Utilities Limited,2015-08-18 23:00:00+00,,
203,141,29,Emzo Energy Supply Limited,2018-04-10 23:00:00+00,,
204,143,29,EPG Energy Ltd,2004-12-10 00:00:00+00,,
205,144,29,Eneco Energy Trade B.V.,2010-03-17 00:00:00+00,,
206,145,29,Simply Your Energy,2018-12-19 00:00:00+00,,
207,146,29,Eversmart Energy Ltd,2015-09-15 23:00:00+00,,
208,147,6,Energy Assets Ltd,2007-03-09 00:00:00+00,,
209,148,7,ENPAAS LTD,2019-02-20 00:00:00+00,,
210,149,0,British Gas Trading Ltd,2012-03-14 00:00:00+00,,
211,149,29,British Gas Trading Ltd,1996-03-31 23:00:00+00,,
212,150,0,Opus Energy Renewables Limited,2012-07-19 23:00:00+00,,
213,150,29,Opus Energy Renewables Limited,2010-07-13 23:00:00+00,,
214,152,29,E.ON Energy Solutions Ltd (PGENERGY),2017-11-15 00:00:00+00,,
215,153,14,The National Grid Company Building,1996-03-31 23:00:00+00,,
216,154,29,Trafford Plaza,2002-08-08 23:00:00+00,,
217,156,24,Fairham House,1996-03-31 23:00:00+00,,
218,157,7,E.ON UK Energy Services Ltd,2006-06-30 23:00:00+00,,
219,157,21,Eon UK Energy Services Ltd,2006-07-27 23:00:00+00,,
220,160,29,Squeaky Clean Energy Limited,2016-08-16 23:00:00+00,,
221,161,30,EMR SSP,2015-01-21 00:00:00+00,,
222,162,3,Electricity Network Company,2008-02-05 00:00:00+00,,
223,162,7,The Electricity Network Company Ltd,2006-05-25 23:00:00+00,,
224,162,18,The Electricity Network Company Ltd,2006-05-25 23:00:00+00,,
225,162,21,The Electricity Network Company Ltd,2006-05-25 23:00:00+00,,
226,162,22,The Electricity Network Company Ltd,2006-05-25 23:00:00+00,,
227,162,23,The Electricity Network Company Ltd,2006-05-25 23:00:00+00,,27
228,164,29,Robin Hood Energy Limited,2012-10-16 23:00:00+00,,
229,165,29,EUSTON ENERGY LIMITED,2016-12-21 00:00:00+00,,
230,166,29,Eversmart Energy Ltd,2017-10-17 23:00:00+00,,
231,167,29,EXELON GENERATION LIMITED,2018-06-12 23:00:00+00,,
232,168,29,URE ENERGY LIMITED,2017-02-15 00:00:00+00,,
233,169,29,FARRINGDON ENERGY LIMITED,2015-08-18 23:00:00+00,,
234,170,3,Fulcrum Electricity Assets Ltd,2018-02-14 00:00:00+00,,
235,170,18,Fulcrum Electricity Assets Ltd,2017-11-15 00:00:00+00,,
236,170,22,Fulcrum Electricity Assets Ltd,2017-11-15 00:00:00+00,,
237,170,23,Fulcrum Electricity Assets Ltd,2017-11-15 00:00:00+00,,35
238,171,21,Future Energy Metering Ltd,2016-12-21 00:00:00+00,,
239,176,29,Flexitricity Limited,2018-08-14 23:00:00+00,,
240,177,7,Solarplicity Utilities Limited,2017-06-01 23:00:00+00,,
241,177,21,Solarplicity Utility Services Limited,2015-08-18 23:00:00+00,,
242,178,29,Farmoor Energy Limited,2010-07-13 23:00:00+00,,
243,180,29,IPM Energy Retail Ltd,2007-12-07 00:00:00+00,2015-12-16 23:30:00+00,
244,181,0,First Utility Limited,2014-08-19 23:00:00+00,,
245,181,29,First Utility Limited,2005-12-01 00:00:00+00,,
246,182,29,F & S Energy Ltd.,2013-01-16 00:00:00+00,,
247,183,7,Fulcrum Smart Metering Ltd,2019-01-23 00:00:00+00,,
248,184,7,First Utility Ltd,2006-10-05 23:00:00+00,,
249,185,21,Functional Metering Limited,2016-12-21 00:00:00+00,,
250,186,29,Foxglove Energy Supply Limited,2016-03-16 00:00:00+00,,
251,187,29,Planet 9 Energy Limited,2016-11-16 00:00:00+00,,
252,188,7,Solarplicity RAC MAP,2018-08-14 23:00:00+00,,
253,189,29,Solarplicity Supply Limited,2012-10-16 23:00:00+00,,
254,191,2,Absolute Insulation Ltd,2013-02-20 00:00:00+00,,
255,192,1,Acrobat Carbon Services Ltd,2013-05-14 23:00:00+00,,
256,192,2,Acrobat Carbon Services Ltd,2013-08-13 23:00:00+00,,
257,193,1,Green Deal Advice 247 Ltd,2012-12-19 00:00:00+00,,
258,194,1,Advent Energy Management,2013-02-20 00:00:00+00,,
259,195,1,Astute Funding,2015-01-21 00:00:00+00,,
260,195,2,Astute Funding,2015-01-21 00:00:00+00,,
261,196,1,Agility Eco Services Ltd,2013-06-18 23:00:00+00,,
262,196,2,Agility Eco Services Ltd,2014-02-19 00:00:00+00,,
263,197,1,Active Energy Funding,2015-02-18 00:00:00+00,,
264,197,2,Active Energy Funding,2015-02-18 00:00:00+00,,
265,198,1,Anglian Home Improvements,2012-07-17 23:00:00+00,,
266,198,2,Anglian Home Improvements,2012-07-17 23:00:00+00,,
267,199,1,Allkaregreendeal Limited,2013-12-18 00:00:00+00,,
268,199,2,Allkaregreendeal Limited,2013-12-18 00:00:00+00,,
269,200,1,Anesco Ltd,2012-10-16 23:00:00+00,,
270,200,2,Anesco Ltd,2013-03-20 00:00:00+00,,
271,201,1,Ampere Green Deal Limited,2012-07-17 23:00:00+00,,
272,201,2,Ampere Green Deal Ltd,2013-10-15 23:00:00+00,,
273,202,1,AG Energy Solutions Ltd,2013-11-20 00:00:00+00,,
274,202,2,AG Energy Solutions Ltd,2013-11-20 00:00:00+00,,
275,203,1,AOS Energy Efficient Heating Systems Ltd,2013-02-20 00:00:00+00,,
276,203,2,AOS Energy Efficient Heating Systems Ltd,2013-09-17 23:00:00+00,,
277,204,1,Apple Panels Ltd,2012-10-16 23:00:00+00,,
278,205,1,Ace Plumbing Ltd,2014-02-19 00:00:00+00,,
279,205,2,Ace Plumbing Ltd,2014-02-19 00:00:00+00,,
280,206,1,Aran Services Ltd,2012-11-14 00:00:00+00,,
281,206,2,Aran Services Ltd,2013-04-16 23:00:00+00,,
282,207,1,Atlantic Contracting Limited,2013-06-18 23:00:00+00,,
283,207,2,Atlantic Contracting Limited,2013-06-18 23:00:00+00,,
284,208,1,Aura Energy Limited,2014-05-13 23:00:00+00,,
285,208,2,Aura Energy Limited,2014-05-13 23:00:00+00,,
286,209,1,Apex Green Ltd,2014-12-17 00:00:00+00,,
287,209,2,Apex Green Ltd,2014-12-17 00:00:00+00,,
288,210,1,AAA Green Solutions Ltd,2014-07-15 23:00:00+00,,
289,210,2,AAA Green Solutions Ltd,2014-07-15 23:00:00+00,,
290,211,1,Bartons of Duke Street,2014-08-19 23:00:00+00,,
291,211,2,Bartons of Duke Street,2014-08-19 23:00:00+00,,
292,212,1,Bartons of Duke Street Limited,2013-07-16 23:00:00+00,,
293,213,1,BritishEco Limited,2012-07-17 23:00:00+00,,
294,213,2,BritishEco Limited,2012-07-17 23:00:00+00,,
295,214,1,British Gas Finance Limited,2014-02-19 00:00:00+00,,
296,214,2,British Gas Finance Limited,2014-02-19 00:00:00+00,,
297,215,1,British Gas New Heating,2012-09-18 23:00:00+00,,
298,215,2,British Gas New Heating,2012-09-18 23:00:00+00,,
299,216,1,Borthwick Heating Insulation UK Ltd,2017-09-19 23:00:00+00,,
300,216,2,Borthwick Heating Insulation UK Ltd,2017-09-19 23:00:00+00,,
301,217,1,Brook Energy Services Ltd,2014-03-19 00:00:00+00,,
302,217,2,Brook Energy Services Ltd,2014-03-19 00:00:00+00,,
303,218,1,BMRE Limited,2014-05-13 23:00:00+00,,
304,218,2,BMRE Limited,2014-05-13 23:00:00+00,,
305,219,1,Broad Oak Properties Ltd,2013-08-13 23:00:00+00,,
306,220,1,GB Energy (Renewables) Ltd,2014-03-19 00:00:00+00,,
307,220,2,GB Energy (Renewables) Ltd,2014-03-19 00:00:00+00,,
308,221,1,Myblueskies Limited,2013-12-18 00:00:00+00,,
309,221,2,Myblueskies Limited,2013-12-18 00:00:00+00,,
310,222,1,CarbonLow Real Estate Limited,2013-07-16 23:00:00+00,,
311,222,2,CarbonLow Real Estate Limited,2013-07-16 23:00:00+00,,
312,223,1,Eco Carbon Print Limited,2014-05-13 23:00:00+00,,
313,223,2,Eco Carbon Print Limited,2014-05-13 23:00:00+00,,
314,224,30,MRA Service Company Limited,2012-03-14 00:00:00+00,,
315,225,1,Countrywide Green Deal Ltd,2013-12-18 00:00:00+00,,
316,226,1,Carillion Energy Services,2012-07-17 23:00:00+00,,
317,226,2,Carillion Energy Services,2012-07-17 23:00:00+00,,
318,227,1,CRG Finance,2013-10-15 23:00:00+00,,
319,228,1,CG Energy Ltd,2013-10-15 23:00:00+00,,
320,228,2,CG Energy Ltd,2013-10-15 23:00:00+00,,
321,229,1,Consumer Financial Ltd,2015-02-18 00:00:00+00,,
322,229,2,Consumer Financial Ltd,2015-02-18 00:00:00+00,,
323,230,1,Cornerstone Ltd,2014-02-19 00:00:00+00,,
324,230,2,Cornerstone Ltd,2014-02-19 00:00:00+00,,
325,231,1,Green Deal Consortia Ltd,2015-02-18 00:00:00+00,,
326,231,2,Green Deal Consortia Ltd,2015-02-18 00:00:00+00,,
327,232,1,Clarus Energy Ltd,2014-02-19 00:00:00+00,,
328,232,2,Clarus Energy Ltd,2014-02-19 00:00:00+00,,
329,233,1,CarbonLow Real Estate Ltd,2012-07-17 23:00:00+00,,
330,233,2,CarbonLow Real Estate Ltd,2012-07-17 23:00:00+00,,
331,234,1,Climate Energy Ltd,2012-11-14 00:00:00+00,,
332,234,2,Climate Energy Ltd,2012-11-14 00:00:00+00,,
333,235,1,CertiNergy Ltd,2013-11-20 00:00:00+00,2016-12-21 23:30:00+00,
334,235,2,CertiNergy Ltd,2014-10-14 23:00:00+00,2016-12-21 23:30:00+00,
335,236,1,The Energy Saving Co-operative,2013-03-20 00:00:00+00,,
336,237,1,Capital Energy,2012-12-19 00:00:00+00,,
337,238,1,Cardiff Energy Supply Limited,2014-12-17 00:00:00+00,,
338,238,2,Cardiff Energy Supply Limited,2014-12-17 00:00:00+00,,
339,239,1,Solarcrown UK Limited,2013-06-18 23:00:00+00,,
340,239,2,Solarcrown UK Limited,2014-07-15 23:00:00+00,,
341,240,1,City Energy South Wales Ltd,2012-09-18 23:00:00+00,,
342,241,1,Commercial Tech Services Ltd,2013-02-20 00:00:00+00,,
343,241,2,Commercial Tech Services Ltd,2013-02-20 00:00:00+00,,
344,242,1,Corporate Support Solutions,2013-09-17 23:00:00+00,,
345,242,2,Corporate Support Solutions,2013-09-17 23:00:00+00,,
346,243,1,Carbon Savings Limited,2017-01-18 00:00:00+00,,
347,243,2,Carbon Savings Limited,2017-01-18 00:00:00+00,,
348,244,1,Cenergist Limited,2014-08-19 23:00:00+00,,
349,244,2,Cenergist Limited,2014-08-19 23:00:00+00,,
350,245,1,City Energy Ltd,2014-06-17 23:00:00+00,,
351,245,2,City Energy Ltd,2014-06-17 23:00:00+00,,
352,246,1,Deveron Construction Ltd,2013-12-18 00:00:00+00,,
353,247,1,A Deal Greener Ltd,2015-04-14 23:00:00+00,,
354,247,2,A Deal Greener Ltd,2015-04-14 23:00:00+00,,
355,248,1,Green Deal and Eco Funding Ltd,2014-02-19 00:00:00+00,,
356,248,2,Green Deal and Eco Funding Ltd,2014-02-19 00:00:00+00,,
357,249,1,Domestic Green Energy Ltd,2013-08-13 23:00:00+00,,
358,250,1,Domestic & General Heating Ltd,2014-03-19 00:00:00+00,,
359,250,2,Domestic & General Heating Ltd,2014-03-19 00:00:00+00,,
360,251,1,Direct Savings (Scotland) Limited,2014-05-13 23:00:00+00,,
361,251,2,Direct Savings (Scotland) Limited,2014-05-13 23:00:00+00,,
362,252,1,Green Deal Direct Ltd,2012-11-14 00:00:00+00,,
363,253,1,Dodd Group (Midlands) Ltd,2014-02-19 00:00:00+00,,
364,254,1,Domestiv & General,2013-08-13 23:00:00+00,,
365,255,1,Green Deal Together,2013-10-15 23:00:00+00,,
366,255,2,Green Deal Together,2013-10-15 23:00:00+00,,
367,256,2,Green Energy Advisors Ltd,2013-12-18 00:00:00+00,,
368,257,1,Essex Insulation Ltd,2014-01-22 00:00:00+00,,
369,257,2,Essex Insulation Ltd,2014-01-22 00:00:00+00,,
370,258,1,The Big Green Energy Company,2012-10-16 23:00:00+00,,
371,258,2,The Big Green Energy Company,2013-10-16 23:00:00+00,,
372,259,1,Eco Deal Ltd,2013-01-16 00:00:00+00,,
373,259,2,Eco Deal Ltd,2013-09-17 23:00:00+00,,
374,260,1,Enact Energy Renewables Ltd,2012-07-17 23:00:00+00,,
375,261,1,Effective Energy Solutions Ltd,2013-05-14 23:00:00+00,,
376,261,2,Effective Energy Solutions Ltd,2013-08-13 23:00:00+00,,
377,262,2,Egnida Limited,2013-02-20 00:00:00+00,,
378,263,1,ECO Home Alternatives Ltd,2014-02-19 00:00:00+00,,
379,263,2,ECO Home Alternatives Ltd,2014-02-19 00:00:00+00,,
380,264,1,Elite Supplies Ltd,2013-12-18 00:00:00+00,,
381,264,2,Elite Supplies Ltd,2013-12-18 00:00:00+00,,
382,265,1,EcoJoules Ltd,2013-12-18 00:00:00+00,,
383,265,2,EcoJoules Ltd,2013-12-18 00:00:00+00,,
384,266,1,Efficient Finance (UK) Ltd,2014-02-19 00:00:00+00,,
385,266,2,Efficient Finance (UK) Ltd,2014-02-19 00:00:00+00,,
386,267,1,Energy With Limited,2013-07-16 23:00:00+00,,
387,268,1,Empower Community Mgt Ltd,2012-07-17 23:00:00+00,,
388,268,2,Empower Community Mgt Ltd,2012-07-17 23:00:00+00,,
389,269,1,Enhance Energy Ltd,2012-12-19 00:00:00+00,,
390,269,2,Enhance Energy Ltd,2013-10-15 23:00:00+00,,
391,270,1,Gdeco Ltd,2013-11-20 00:00:00+00,,
392,270,2,Gdeco Ltd,2013-11-20 00:00:00+00,,
393,271,1,Go-Green Energy (Group) Ltd,2013-10-15 23:00:00+00,,
394,271,2,Go-Green Energy (Group) Ltd,2013-02-20 00:00:00+00,,
395,272,1,Synergy Energy Solutions Ltd,2017-08-19 23:00:00+00,,
396,272,2,Synergy Energy Solutions,2017-08-19 23:00:00+00,,
397,273,1,Encraft,2013-10-15 23:00:00+00,2015-05-13 22:30:00+00,
398,273,2,Encraft,2013-10-15 23:00:00+00,2015-05-13 22:30:00+00,
399,274,1,Green Deal Energy Services UK,2013-01-16 00:00:00+00,,
400,274,2,Green Deal Energy Services UK,2013-09-17 23:00:00+00,,
401,275,1,Energy Trust,2012-11-14 00:00:00+00,,
402,275,2,Energy Trust,2013-08-13 23:00:00+00,,
403,276,1,Solar Europa Ltd,2013-02-20 00:00:00+00,,
404,276,2,Solar Europa Ltd,2013-02-20 00:00:00+00,,
405,277,1,EvoEnergy Ltd,2013-10-15 23:00:00+00,,
406,277,2,EvoEnergy Ltd,2013-10-15 23:00:00+00,,
407,278,1,Efficient Warm Energy Limited,2013-06-18 23:00:00+00,,
408,279,1,Green Deal Express,2012-11-14 00:00:00+00,,
409,279,2,Green Deal Express,2013-10-15 23:00:00+00,,
410,280,1,Everwarm Ltd,2014-12-17 00:00:00+00,,
411,280,2,Everwarm Ltd,2014-12-17 00:00:00+00,,
412,281,1,Green Energy Advisors Limited,2014-05-13 23:00:00+00,,
413,281,2,Green Energy Advisors Limited,2014-05-13 23:00:00+00,,
414,282,1,The Green Deal Finance Company,2012-08-14 23:00:00+00,,
415,282,2,The Green Deal Finance Company,2012-08-14 23:00:00+00,,
416,283,1,1st Green Deal Ltd,2014-11-19 00:00:00+00,,
417,283,2,1st Green Deal Ltd,2014-11-19 00:00:00+00,,
418,284,1,FITGAS Ltd,2012-12-19 00:00:00+00,,
419,284,2,FITGAS Ltd,2012-12-19 00:00:00+00,,
420,285,1,Green Deal First Ltd,2014-09-16 23:00:00+00,,
421,285,2,Green Deal First Ltd,2014-09-16 23:00:00+00,,
422,286,1,Les Forshaw (Northern) Ltd,2013-05-14 23:00:00+00,,
423,286,2,Les Forshaw (Northern) Ltd,2013-05-14 23:00:00+00,,
424,287,1,Foster Property Maintenance,2013-01-16 00:00:00+00,,
425,287,2,Foster Property Maintenance,2013-09-17 23:00:00+00,,
426,288,1,Freedom Renewables Limited,2013-03-20 00:00:00+00,,
427,289,2,GDFC Services Limited,2013-02-20 00:00:00+00,,
428,290,1,Fusion Radiators Ltd,2014-06-17 23:00:00+00,,
429,290,2,Fusion Radiators Ltd,2014-06-17 23:00:00+00,,
430,291,1,Foster Renewable Energies Ltd,2014-01-22 00:00:00+00,,
431,291,2,Foster Renewable Energies Ltd,2014-01-22 00:00:00+00,,
432,292,1,The Friendly Investment Company PLC,2014-05-13 23:00:00+00,,
433,292,2,The Friendly Investment Company PLC,2014-05-13 23:00:00+00,,
434,293,1,Green Assess,2013-02-20 00:00:00+00,,
435,293,2,Green Assess,2013-09-17 23:00:00+00,,
436,294,1,Greenbuy Energy Limited,2013-03-20 00:00:00+00,,
437,294,2,Greenbuy Energy Limited,2014-04-15 23:00:00+00,,
438,295,1,Green Deal Factory,2013-08-13 23:00:00+00,,
439,295,2,Green Deal Factory,2014-02-19 00:00:00+00,,
440,296,1,GDFC Assets Limited,2013-03-20 00:00:00+00,,
441,296,2,GDFC Assets Limited,2013-03-20 00:00:00+00,,
442,297,1,G8 Eco Systems Ltd,2013-09-17 23:00:00+00,,
443,297,2,G8 Eco Systems Ltd,2013-09-17 23:00:00+00,,
444,298,1,Green Funding Ltd,2014-12-17 00:00:00+00,,
445,298,2,Green Funding Ltd,2014-12-17 00:00:00+00,,
446,299,1,Grafton Group,2012-07-17 23:00:00+00,,
447,299,2,Grafton Group,2013-09-17 23:00:00+00,,
448,300,1,GHE Solar Ltd,2012-10-16 23:00:00+00,,
449,300,2,GHE Solar Ltd,2013-04-16 23:00:00+00,,
450,301,1,Windows Plus,2013-03-20 00:00:00+00,,
451,301,2,Windows Plus,2014-04-15 23:00:00+00,,
452,302,1,Green Eco Grants Ltd,2014-02-19 00:00:00+00,,
453,302,2,Green Eco Grants Ltd,2014-02-19 00:00:00+00,,
454,303,1,Greendeal-Lynx,2013-12-18 00:00:00+00,,
455,304,1,Central Gas Maintenance Ltd,2015-01-21 00:00:00+00,,
456,304,2,Central Gas Maintenance Ltd,2015-01-21 00:00:00+00,,
457,305,1,Greenexo Ltd,2013-10-15 23:00:00+00,,
458,305,2,Greenexo Ltd,2013-10-15 23:00:00+00,,
459,306,1,Greenoke Energy Ltd,2013-07-16 23:00:00+00,,
460,306,2,Greenoke Energy Ltd,2013-07-16 23:00:00+00,,
461,307,1,SERS Energy Solutions Ltd,2014-08-19 23:00:00+00,,
462,307,2,SERS Energy Solutions Ltd,2014-08-19 23:00:00+00,,
463,308,1,Gr33n Ltd,2013-01-16 00:00:00+00,,
464,308,2,Gr33n Ltd,2014-11-19 00:00:00+00,,
465,309,1,Green Deal Savings Ltd,2013-08-13 23:00:00+00,,
466,309,2,Green Deal Savings Ltd,2014-04-15 23:00:00+00,,
467,310,1,Gentoo,2012-07-17 23:00:00+00,,
468,310,2,Gentoo,2012-07-17 23:00:00+00,,
469,311,1,Green Energy Solutions UK Ltd,2014-03-19 00:00:00+00,,
470,311,2,Green Energy Solutions UK Ltd,2014-03-19 00:00:00+00,,
471,312,1,Greenvision Energy Ltd,2013-03-20 00:00:00+00,,
472,313,1,Glasgow Green Global Limited,2014-05-13 23:00:00+00,,
473,313,2,Glasgow Green Global,2014-07-15 23:00:00+00,,
474,314,1,Dyson Energy Services Ltd,2013-06-18 23:00:00+00,,
475,314,2,Dyson Energy Services,2015-08-18 23:00:00+00,,
476,315,1,GZ Energy Solutions,2013-12-18 00:00:00+00,,
477,315,2,GZ Energy Solutions,2014-08-19 23:00:00+00,,
478,316,1,Happy Energy,2013-07-16 23:00:00+00,,
479,317,1,Gas Care Heating Services Ltd,2018-01-17 00:00:00+00,,
480,317,2,Gas Care Heating Services Ltd,2018-01-17 00:00:00+00,,
481,318,1,HELMS Ltd,2012-11-14 00:00:00+00,,
482,318,2,HELMS Ltd,2013-08-13 23:00:00+00,,
483,319,1,Herbert T Forrest Ltd,2013-07-16 23:00:00+00,,
484,319,2,Herbert T Forrest Ltd,2014-01-22 00:00:00+00,,
485,320,1,Green Hut Energy Ltd,2015-09-15 23:00:00+00,,
486,320,2,Green Hut Energy Ltd,2015-09-15 23:00:00+00,,
487,321,1,High Oak Green Investments Ltd,2013-03-20 00:00:00+00,,
488,321,2,High Oak Green Investments Ltd,2013-05-14 23:00:00+00,,
489,322,1,Help-Link UK Limited,2014-03-19 00:00:00+00,,
490,322,2,Help-Link UK Limited,2014-03-19 00:00:00+00,,
491,323,1,Green Leaf Homes Ltd,2014-11-19 00:00:00+00,,
492,323,2,Green Leaf Homes Ltd,2014-11-19 00:00:00+00,,
493,324,1,Housing Action Management Ltd,2013-03-20 00:00:00+00,,
494,324,2,Housing Action Management Ltd,2013-09-17 23:00:00+00,,
495,325,1,MW Heating & Plumbing Ltd,2014-11-19 00:00:00+00,,
496,325,2,MW Heating & Plumbing Ltd,2014-11-19 00:00:00+00,,
497,326,1,Halltech Electrical Services,2013-12-18 00:00:00+00,,
498,326,2,Halltech Electrical Services,2013-12-18 00:00:00+00,,
499,327,1,Home Energy UK,2014-10-14 23:00:00+00,,
500,327,2,Home Energy UK,2014-10-14 23:00:00+00,,
501,328,1,Heatwave Energy Funding Ltd,2014-12-17 00:00:00+00,,
502,328,2,Heatwave Energy Funding Ltd,2014-12-17 00:00:00+00,,
503,329,1,Green Deal Initiative Ltd,2014-08-19 23:00:00+00,,
504,329,2,Green Deal Initiative Ltd,2014-08-19 23:00:00+00,,
505,330,1,Infinity Energy Org,2012-10-16 23:00:00+00,,
506,330,2,Infinity Energy Org,2013-02-20 00:00:00+00,,
507,331,1,Incentive FM,2014-02-19 00:00:00+00,,
508,331,2,Incentive FM,2014-02-19 00:00:00+00,,
509,332,1,Insta Group,2012-07-17 23:00:00+00,,
510,332,2,Insta Group,2012-07-17 23:00:00+00,,
511,333,1,Ipex Investments,2013-05-14 23:00:00+00,,
512,334,1,A&M Energy Solutions Ltd,2013-11-20 00:00:00+00,,
513,334,2,A&M Energy Solutions Ltd,2013-02-20 00:00:00+00,,
514,335,1,BTU Installation & Maintenance,2014-12-17 00:00:00+00,,
515,335,2,BTU Installation & Maintenance,2014-12-17 00:00:00+00,,
516,336,1,Infinite Energy UK Ltd,2013-05-14 23:00:00+00,,
517,336,2,Infinite Energy UK Ltd,2013-05-14 23:00:00+00,,
518,337,1,Inteb Sustainability Limited,2012-10-16 23:00:00+00,,
519,337,2,Inteb Sustainability,2013-04-16 23:00:00+00,,
520,338,1,Isothane Ltd,2014-06-17 23:00:00+00,,
521,338,2,Isothane Ltd,2014-06-17 23:00:00+00,,
522,339,1,Kingfisher Future Homes,2012-07-17 23:00:00+00,,
523,339,2,Kingfisher Future Homes,2012-07-17 23:00:00+00,,
524,340,1,Kernow Loans Ltd,2013-01-16 00:00:00+00,,
525,340,2,Kernow Loans Ltd,2013-12-18 00:00:00+00,,
526,341,1,Keepmoat,2012-07-17 23:00:00+00,,
527,341,2,Keepmoat,2013-09-17 23:00:00+00,,
528,342,1,KNW Partnership Limited,2014-10-14 23:00:00+00,,
529,342,2,KNW Partnership Limited,2014-10-14 23:00:00+00,,
530,343,1,UKSS Renewable Energy Services,2013-07-16 23:00:00+00,,
531,343,2,UKSS Renewable Energy Services,2013-07-16 23:00:00+00,,
532,344,1,Low Carbon Finance Ltd,2013-01-16 00:00:00+00,,
533,344,2,Low Carbon Finance Ltd,2013-09-17 23:00:00+00,,
534,345,1,Local Energy,2012-10-16 23:00:00+00,,
535,345,2,Local Energy,2014-03-19 00:00:00+00,,
536,346,1,STL Heating and Energy Ltd,2014-03-19 00:00:00+00,,
537,346,2,STL Heating and Energy Ltd,2014-03-19 00:00:00+00,,
538,347,1,Larkfleet Ltd,2013-11-20 00:00:00+00,,
539,347,2,Larkfleet Ltd,2013-11-20 00:00:00+00,,
540,348,1,Liberty Energy Organisation Ltd,2016-08-16 23:00:00+00,,
541,348,2,Liberty Energy Organisation Ltd,2016-08-16 23:00:00+00,,
542,349,1,Sustain Ltd,2014-03-19 00:00:00+00,,
543,349,2,Sustain Ltd,2014-03-19 00:00:00+00,,
544,350,1,Ludu Energy Ltd,2014-03-19 00:00:00+00,,
545,350,2,Ludu Energy Ltd,2014-03-19 00:00:00+00,,
546,351,1,Lux Carbon Services Ltd,2016-08-16 23:00:00+00,,
547,351,2,Lux Carbon Services Ltd,2016-08-16 23:00:00+00,,
548,352,1,Marshall Brown Energy Ltd,2013-12-18 00:00:00+00,,
549,352,2,Marshall Brown Energy Ltd,2013-12-18 00:00:00+00,,
550,353,1,Merseyside Central Heating Ltd,2014-06-17 23:00:00+00,,
551,353,2,Merseyside Central Heating Ltd,2014-06-17 23:00:00+00,,
552,354,1,Mark Group Ltd,2012-07-17 23:00:00+00,,
553,354,2,Mark Group Ltd,2012-07-17 23:00:00+00,,
554,355,1,Move2Green Limited,2014-05-13 23:00:00+00,,
555,355,2,Move2Green Limited,2014-05-13 23:00:00+00,,
556,356,1,Solarwise-rl,2015-09-15 23:00:00+00,,
557,356,2,Solarwise-rl,2015-09-15 23:00:00+00,,
558,357,1,MEB Total Ltd,2012-11-14 00:00:00+00,,
559,357,2,MEB Total Ltd,2012-11-14 00:00:00+00,,
560,358,1,New Eco Developments Limited,2014-08-19 23:00:00+00,,
561,358,2,New Eco Developments Limited,2014-08-19 23:00:00+00,,
562,359,1,Nationwide Energy Consultants,2012-09-18 23:00:00+00,,
563,359,2,Nationwide Energy Consultants,2013-10-15 23:00:00+00,,
564,360,1,Network Green Deal Ltd,2012-10-16 23:00:00+00,,
565,360,2,Network Green Deal Ltd,2012-10-16 23:00:00+00,,
566,361,1,British Gas Trading Limited,2013-02-20 00:00:00+00,,
567,361,2,British Gas Trading Limited,2013-02-20 00:00:00+00,,
568,362,1,1 North Ltd,2016-02-17 00:00:00+00,,
569,362,2,1 North Ltd,2016-02-17 00:00:00+00,,
570,363,1,Npower Northern Limited,2013-09-17 23:00:00+00,,
571,363,2,Npower Northern Limited,2013-09-17 23:00:00+00,,
572,364,1,1 North Ltd,2013-07-16 23:00:00+00,,
573,364,2,1 North Ltd,2013-07-16 23:00:00+00,,
574,365,1,NEIL_PITTAM_ELECTRICAL_LTD,2013-04-16 23:00:00+00,,
575,365,2,NEIL_PITTAM_ELECTRICAL_LTD,2014-11-19 00:00:00+00,,
576,366,1,Northern Gas Heating Ltd,2014-03-19 00:00:00+00,,
577,366,2,Northern Gas Heating Ltd,2014-03-19 00:00:00+00,,
578,367,1,Nationwide Solar Ltd,2013-02-20 00:00:00+00,,
579,367,2,Nationwide Solar Ltd,2013-02-20 00:00:00+00,,
580,368,1,1 Business Enterprise Ltd,2012-12-19 00:00:00+00,,
581,369,1,Osborne Energy Ltd,2013-02-20 00:00:00+00,,
582,369,2,Osborne Energy Ltd,2013-04-16 23:00:00+00,,
583,370,1,OUR GENERATION LIMITED,2012-08-14 23:00:00+00,,
584,370,2,OUR GENERATION LIMITED,2012-08-14 23:00:00+00,,
585,371,1,OM2 Solutions Ltd,2013-11-20 00:00:00+00,,
586,371,2,OM2 Solutions Ltd,2013-11-20 00:00:00+00,,
587,372,1,One Green Place Ltd,2014-08-19 23:00:00+00,,
588,372,2,One Green Place Ltd,2014-08-19 23:00:00+00,,
589,373,1,Opus Green Limited,2013-09-17 23:00:00+00,,
590,373,2,Opus Green Limited,2013-09-17 23:00:00+00,,
591,374,1,One Stop Energy Ltd,2013-12-18 00:00:00+00,,
592,374,2,One Stop Energy Ltd,2013-12-18 00:00:00+00,,
593,375,1,PECT Consultancy Limited,2013-04-16 23:00:00+00,,
594,375,2,PECT Consultancy Ltd,2013-09-17 23:00:00+00,,
595,376,1,Physis Energy Ltd,2012-10-16 23:00:00+00,,
596,376,2,Physis Energy Ltd,2013-09-17 23:00:00+00,,
597,377,1,Green Deal Provider Funding Limited,2016-08-16 23:00:00+00,,
598,377,2,Green Deal Provider Funding Limited,2016-08-16 23:00:00+00,,
599,378,1,Complete Plumbing Clean Energy,2013-09-17 23:00:00+00,,
600,378,2,Complete Plumbing Clean Energy,2013-09-17 23:00:00+00,,
601,379,1,Plumb-Line Contracting Ltd,2013-12-18 00:00:00+00,,
602,379,2,Plumb-Line Contracting Ltd,2013-12-18 00:00:00+00,,
603,380,1,Green Deal Provider Network,2012-12-19 00:00:00+00,,
604,380,2,Green Deal Provider Network,2012-12-19 00:00:00+00,,
605,381,1,Polyramek Energy Ltd,2013-02-20 00:00:00+00,,
606,382,1,The Green Provider Limited,2016-11-16 00:00:00+00,,
607,382,2,The Green Provider Limited,2016-11-16 00:00:00+00,,
608,383,1,Premier Energy Solutions Ltd,2014-06-17 23:00:00+00,,
609,383,2,Premier Energy Solutions Ltd,2014-06-17 23:00:00+00,,
610,384,1,Green Deal Property Services,2013-12-18 00:00:00+00,,
611,385,1,GDProvider Ltd,2014-04-15 23:00:00+00,,
612,385,2,GDProvider Ltd,2014-04-15 23:00:00+00,,
613,386,1,Quodox Energy Ltd,2013-12-18 00:00:00+00,,
614,386,2,Quodox Energy Ltd,2014-05-13 23:00:00+00,,
615,387,1,ReEnergise Finance Ltd.,2012-07-17 23:00:00+00,,
616,387,2,ReEnergise Finance Ltd.,2012-07-17 23:00:00+00,,
617,388,1,Rural Green Deal Ltd,2014-03-19 00:00:00+00,,
618,388,2,Rural Green Deal Ltd,2014-03-19 00:00:00+00,,
619,389,1,Renewable Infrastructure Ltd,2012-11-14 00:00:00+00,,
620,390,1,R.I.S. Insulation Ltd,2013-12-18 00:00:00+00,,
621,390,2,R.I.S. Insulation Ltd,2013-12-18 00:00:00+00,,
622,391,1,Renew Property,2013-08-13 23:00:00+00,,
623,391,2,Renew Property,2013-08-13 23:00:00+00,,
624,392,1,The Ridgeway Partnership,2013-01-16 00:00:00+00,,
625,392,2,The Ridgeway Partnership,2013-09-17 23:00:00+00,,
626,393,2,RateSetter,2012-11-14 00:00:00+00,,
627,394,1,Rexel UK Limited,2013-12-18 00:00:00+00,,
628,395,1,Sutton Solar & Renewables Ltd,2013-06-18 23:00:00+00,,
629,396,1,SEHBAC Ltd,2013-11-20 00:00:00+00,,
630,396,2,SEHBAC Ltd,2013-11-20 00:00:00+00,,
631,397,1,Scenergy Ltd,2013-02-20 00:00:00+00,2016-12-21 23:30:00+00,
632,397,2,Scenergy Ltd,2013-02-20 00:00:00+00,2016-12-21 23:30:00+00,
633,398,2,Energy Save Direct,2013-02-20 00:00:00+00,,
634,399,1,G2V Solar Energy Solutions Ltd,2012-12-19 00:00:00+00,,
635,400,1,Safeguard Group,2013-07-16 23:00:00+00,,
636,400,2,Safeguard Group,2013-07-16 23:00:00+00,,
637,401,1,The Green Deal Shop.com Ltd,2013-04-16 23:00:00+00,,
638,401,2,The Green Deal Shop.com Ltd,2013-10-15 23:00:00+00,,
639,402,1,SIG GDP Company Ltd,2013-02-20 00:00:00+00,,
640,402,2,SIG GDP Company Ltd,2013-08-13 23:00:00+00,,
641,403,1,Star Building Contractors Limited,2014-05-13 23:00:00+00,,
642,403,2,Star Building Contractors Limited,2014-05-13 23:00:00+00,,
643,404,1,Solar City Limited,2014-05-13 23:00:00+00,,
644,404,2,Solar City Limited,2014-05-13 23:00:00+00,,
645,405,1,Servicetotal Ltd,2013-01-16 00:00:00+00,,
646,405,2,Servicetotal Ltd,2013-09-17 23:00:00+00,,
647,406,1,British Gas New Heating,2013-06-18 23:00:00+00,,
648,406,2,British Gas New Heating,2013-06-18 23:00:00+00,,
649,407,1,Solas Scotland Ltd,2013-06-18 23:00:00+00,,
650,408,1,SSE Green Deal Provider Limited,2013-11-20 00:00:00+00,,
651,408,2,SSE Green Deal Provider Limited,2013-11-20 00:00:00+00,,
652,409,1,Green Deal Providers Scotland Ltd,2014-12-17 00:00:00+00,,
653,409,2,Green Deal Providers Scotland Ltd,2014-12-17 00:00:00+00,,
654,410,1,Solus Renewable Energy Ltd,2012-12-19 00:00:00+00,,
655,410,2,Solus Renewable Energy Ltd,2013-09-17 23:00:00+00,,
656,411,1,Silverstone Green Energy Ltd,2012-11-14 00:00:00+00,,
657,412,1,Stroma Energy Limited,2012-07-17 23:00:00+00,,
658,412,2,Stroma Energy Limited,2012-07-17 23:00:00+00,,
659,413,1,Centre for Sustainable Energy,2013-05-14 23:00:00+00,,
660,414,1,Severn Wye Energy Agency,2013-12-18 00:00:00+00,,
661,415,1,Solarwise Renewables Ltd,2013-02-20 00:00:00+00,,
662,415,2,Solarwise Renewables Ltd,2013-02-20 00:00:00+00,,
663,416,1,Sunsource Energy Limited,2014-05-13 23:00:00+00,,
664,416,2,Sunsource Energy Limited,2014-05-13 23:00:00+00,,
665,417,1,Gas Elec Safety Systems Ltd,2014-03-19 00:00:00+00,,
666,417,2,Gas Elec Safety Systems Ltd,2014-03-19 00:00:00+00,,
667,418,1,British Gas New Heating,2013-06-18 23:00:00+00,,
668,418,2,British Gas New Heating,2013-06-18 23:00:00+00,,
669,419,1,Tameside Energy Services,2013-08-13 23:00:00+00,,
670,420,1,Telling Blaisdons Ltd,2015-04-14 23:00:00+00,,
671,420,2,Telling Blaisdons Ltd,2015-04-14 23:00:00+00,,
672,421,1,City Satellite Limited,2014-03-19 00:00:00+00,,
673,421,2,City Satellite Limited,2014-03-19 00:00:00+00,,
674,422,1,Tempo Insulation Services Limited,2014-05-13 23:00:00+00,,
675,422,2,Tempo Insulation Services Limited,2014-05-13 23:00:00+00,,
676,423,1,TIC Green Energy Limited,2014-05-13 23:00:00+00,,
677,423,2,TIC Green Energy Limited,2014-05-13 23:00:00+00,,
678,424,1,Team 42 Ltd,2013-12-18 00:00:00+00,,
679,424,2,Team 42 Ltd,2013-12-18 00:00:00+00,,
680,425,1,Toriga Energy Ltd,2012-07-17 23:00:00+00,,
681,425,2,Toriga Energy Ltd,2012-08-14 23:00:00+00,,
682,426,1,Tees Property Solutions Ltd,2014-01-22 00:00:00+00,,
683,426,2,Tees Property Solutions Ltd,2014-01-22 00:00:00+00,,
684,427,1,Toriga Energy Ltd,2015-01-21 00:00:00+00,,
685,427,2,Toriga Energy Ltd,2015-01-21 00:00:00+00,,
686,428,1,Strathern Solutions Limited,2014-05-13 23:00:00+00,,
687,428,2,Strathern Solutions Limited,2014-05-13 23:00:00+00,,
688,429,1,Green 360 Ltd,2016-06-14 23:00:00+00,,
689,429,2,Green 360 Ltd,2016-06-14 23:00:00+00,,
690,430,1,UCS Renewables,2013-02-20 00:00:00+00,,
691,430,2,UCS Renewables,2014-05-13 23:00:00+00,,
692,431,1,UK Energy Partners Ltd,2013-06-18 23:00:00+00,,
693,431,2,UK Energy Partners Ltd,2013-06-18 23:00:00+00,,
694,432,1,Green Deal Union Ltd,2013-12-18 00:00:00+00,,
695,432,2,Green Deal Union Ltd,2015-01-21 00:00:00+00,,
696,433,1,Green Deal Upgrade Limited,2014-05-13 23:00:00+00,,
697,433,2,Green Deal Upgrade Limited,2014-05-13 23:00:00+00,,
698,434,1,Utd Sustainable Energy Agency,2012-08-14 23:00:00+00,,
699,435,1,Save Co2 Limited,2013-11-20 00:00:00+00,,
700,435,2,Save Co2 Ltd,2013-11-20 00:00:00+00,,
701,436,1,Green Vision Energy Limited,2014-05-13 23:00:00+00,,
702,437,1,50five-(UK) Ltd,2016-11-16 00:00:00+00,,
703,437,2,50five-(UK) Ltd,2016-11-16 00:00:00+00,,
704,438,1,Verden Ltd,2015-04-14 23:00:00+00,,
705,438,2,Verden Ltd,2015-04-14 23:00:00+00,,
706,439,1,Volta Green Deal,2013-03-20 00:00:00+00,,
707,439,2,Volta Green Deal,2013-08-13 23:00:00+00,,
708,440,1,Sustain Energy (UK) Ltd,2015-07-14 23:00:00+00,,
709,440,2,Sustain Energy (UK) Ltd,2015-07-14 23:00:00+00,,
710,441,1,"SFS Home Assist Ltd,",2015-07-14 23:00:00+00,,
711,441,2,"SFS Home Assist Ltd,",2015-07-14 23:00:00+00,,
712,442,1,Wetherby Building Systems Limited,2014-05-13 23:00:00+00,,
713,442,2,Wetherby Building Systems Limited,2014-05-13 23:00:00+00,,
714,443,1,Willmott Dixon Energy Services,2013-05-14 23:00:00+00,,
715,443,2,Willmott Dixon Energy Services,2013-05-14 23:00:00+00,,
716,444,1,Warmer Energy Services Limited,2014-08-19 23:00:00+00,,
717,444,2,Warmer Energy Services Limited,2014-08-19 23:00:00+00,,
718,445,1,Warmfill Limited,2013-10-15 23:00:00+00,,
719,445,2,Warmfill Limited,2013-10-15 23:00:00+00,,
720,446,1,The Warmer Group Ltd,2014-01-22 00:00:00+00,,
721,446,2,The Warmer Group Ltd,2014-01-22 00:00:00+00,,
722,447,1,Warmer Home Finance Ltd,2014-03-19 00:00:00+00,,
723,447,2,Warmer Home Finance Ltd,2014-03-19 00:00:00+00,,
724,448,1,Willerby Energy Organisation Ltd,2015-01-21 00:00:00+00,,
725,448,2,Willerby Energy Organisation Ltd,2015-01-21 00:00:00+00,,
726,449,1,WhiteGold Renewables Ltd,2014-02-19 00:00:00+00,,
727,449,2,WhiteGold Renewables Ltd,2014-02-19 00:00:00+00,,
728,450,1,Westdale Services Limited,2013-09-17 23:00:00+00,,
729,450,2,Westdale Services Limited,2013-09-17 23:00:00+00,,
730,451,1,Wolseley UK,2012-11-14 00:00:00+00,,
731,451,2,Wolseley UK,2012-11-14 00:00:00+00,,
732,452,1,Work Work Ltd,2013-03-20 00:00:00+00,,
733,452,2,Work Work Ltd,2014-02-19 00:00:00+00,,
734,453,1,Xenon Professionals Ltd,2013-10-15 23:00:00+00,,
735,453,2,Xenon Professionals Ltd,2013-10-15 23:00:00+00,,
736,454,1,2 Red Ltd,2015-06-16 23:00:00+00,,
737,454,2,2 Red Ltd,2015-06-16 23:00:00+00,,
738,455,1,Southern Energy Solutions Ltd,2015-05-12 23:00:00+00,,
739,455,2,Southern Energy Solutions Ltd,2015-05-12 23:00:00+00,,
740,456,1,Yorkshire Energy Services,2012-07-17 23:00:00+00,,
741,457,1,Your Green Deal Provider Ltd,2013-02-20 00:00:00+00,,
742,457,2,Your Green Deal Provider Ltd,2014-02-19 00:00:00+00,,
743,458,1,Sakhara Ltd,2015-04-14 23:00:00+00,,
744,458,2,Sakhara Ltd,2015-04-14 23:00:00+00,,
745,459,29,So Energy trading Limited,2015-06-16 23:00:00+00,,
746,460,0,Utilita Energy Limited,2017-07-18 23:00:00+00,,
747,460,29,Utilita Energy Limited,2004-06-03 23:00:00+00,,
748,461,3,ECLIPSE POWER NETWORKS LTD,2018-07-17 23:00:00+00,,
749,461,18,ECLIPSE POWER NETWORKS LTD,2017-03-15 00:00:00+00,,
750,461,22,ECLIPSE POWER NETWORKS LTD,2017-03-15 00:00:00+00,,
751,461,23,ECLIPSE POWER NETWORKS LTD,2017-03-15 00:00:00+00,,33
752,463,29,Gazprom Marketing & Trading Retail Ltd,2009-04-15 23:00:00+00,,
753,464,0,Garsington Energy Limited,2013-09-17 23:00:00+00,,
754,464,29,Green Energy UK Plc,2010-07-13 23:00:00+00,,
755,465,29,First Utility Limited,2016-11-16 00:00:00+00,,
756,467,3,Energetics Electricity Ltd,2006-12-22 00:00:00+00,,
757,467,18,Energetics Electricity Ltd,2018-01-17 00:00:00+00,,
758,467,22,Energetics Electricity Ltd,2005-06-02 23:00:00+00,,
759,467,23,Energetics Electricity Ltd,2005-06-02 23:00:00+00,,26
760,469,3,HARLAXTON ENERGY NETWORKS LTD,2014-09-04 23:00:00+00,,
761,469,18,HARLAXTON ENERGY NETWORKS LTD,2014-09-04 23:00:00+00,,
762,469,22,HARLAXTON ENERGY NETWORKS LTD,2014-09-04 23:00:00+00,,
763,469,23,Harlaxton Energy Network Ltd,2014-09-04 23:00:00+00,,29
764,470,29,Haven Power Limited,2006-12-01 00:00:00+00,,
765,471,29,MAXEN POWER SUPPLY LIMITED,2017-02-15 00:00:00+00,,
766,475,29,Holborn Energy Limited,2013-03-20 00:00:00+00,,
767,476,29,ENGIE Power Limited,2016-07-19 23:00:00+00,,
768,477,5,HP Enterprise Services UK LTD,2013-12-18 00:00:00+00,,
769,478,29,Haven Power Limited,2010-02-17 00:00:00+00,,
770,479,0,Hudson Energy Supply (UK) Ltd,2018-07-17 23:00:00+00,,
771,479,29,Hudson Energy Supply UK Limited,2017-08-15 23:00:00+00,,
772,480,0,Hudson Energy Supply (UK) Ltd,2018-07-17 23:00:00+00,,
773,480,29,Hudson Energy Supply UK Ltd,2012-03-15 00:00:00+00,,
774,482,0,SSE Electricity Limited,2012-07-19 23:00:00+00,,
775,482,3,Scottish Hydro-Electric Distribution Ltd,1997-09-30 23:00:00+00,,
776,482,7,SSE Metering Limited,2003-04-16 23:00:00+00,,
777,482,9,SSE Metering Limited,1996-03-31 23:00:00+00,,
778,482,10,SSE Metering Limited,1996-03-31 23:00:00+00,,
779,482,11,SSE Metering Limited,1996-03-31 23:00:00+00,,
780,482,12,SSE Metering Limited,1996-03-31 23:00:00+00,,
781,482,13,SSE plc,2015-05-12 23:00:00+00,,
782,482,16,SSE plc,2015-05-12 23:00:00+00,,
783,482,17,Inveralmond House,1997-09-30 23:00:00+00,,
784,482,18,Inveralmond House,1997-09-30 23:00:00+00,,
785,482,21,SSE Metering Limited,1996-03-31 23:00:00+00,,
786,482,22,Inveralmond House,1996-03-31 23:00:00+00,,
787,482,23,Scottish Hydro-Electric Distribution Ltd,1996-03-31 23:00:00+00,,17
788,482,25,Inveralmond House,1997-09-30 23:00:00+00,,
789,482,27,SSE Electricity Limited,1997-09-30 23:00:00+00,,
790,482,28,Emmock Road,1997-09-30 23:00:00+00,,
791,482,29,SSE Electricity Limited,1996-03-31 23:00:00+00,,
792,483,29,Ampoweruk Ltd,2019-02-20 00:00:00+00,,
793,485,4,Tym Huckin Ltd,2013-04-16 23:00:00+00,,
794,486,21,In Home Technology Ltd,2015-07-14 23:00:00+00,,
795,488,0,SSE Energy Supply Limited,2017-12-20 00:00:00+00,,
796,488,29,SSE Plc,1998-08-31 23:00:00+00,,
797,489,29,Inovyn Chlor Energy Ltd,1996-03-31 23:00:00+00,2015-12-16 23:30:00+00,
798,490,0,Npower Direct Limited NHH,2012-07-19 23:00:00+00,,
799,490,29,NPOWER DIRECT LTD NHH,1996-03-31 23:00:00+00,,
800,493,16,Inogy Renewables UK Limited,2018-04-10 23:00:00+00,,
801,494,29,AMPowerUK LTD,2016-10-18 23:00:00+00,,
802,495,3,Independent Power Networks Limited,2004-07-31 23:00:00+00,,
803,495,18,Independent Power Networks Limited,2004-07-31 23:00:00+00,,
804,495,22,Independent Power Networks Limited,2004-07-31 23:00:00+00,,
805,495,23,Independent Power Networks Limited,2004-07-31 23:00:00+00,,24
806,496,29,Octopus Energy Limited,2016-02-17 00:00:00+00,,
807,497,29,PFP Energy Supplies Ltd,2015-02-18 00:00:00+00,,
808,499,27,Itron Metering Solutions UK,2013-04-16 23:00:00+00,,
809,500,0,Hudson Energy Supply (UK) Ltd,2018-07-17 23:00:00+00,,
810,500,29,Hudson Energy Supply UK Ltd,2013-05-14 23:00:00+00,,
811,501,29,Tempus Energy Supply Ltd,2013-08-13 23:00:00+00,2016-11-16 23:30:00+00,
812,503,29,Kensington Power Limited,2013-03-20 00:00:00+00,,
813,505,21,Keighley Metering Services Limited,2016-11-16 00:00:00+00,,
814,508,6,Lowri Beck Services Ltd,2006-12-22 00:00:00+00,,
815,508,7,Lowri Beck Services Ltd,2008-02-05 00:00:00+00,,
816,508,10,Lowri Beck Services Limited,2008-01-11 00:00:00+00,,
817,508,12,Lowri Beck Services Ltd,2008-02-05 00:00:00+00,,
818,508,21,Lowri Beck Services Limited,2008-01-11 00:00:00+00,,
819,509,5,CGI IT UK Limited,2013-09-17 23:00:00+00,,
820,509,6,CGI IT UK Limited,2006-08-31 23:00:00+00,,
821,509,27,CGI IT UK Limited,2006-08-31 23:00:00+00,,
822,512,3,ESP Electricity Ltd,2008-09-01 23:00:00+00,,
823,512,18,ESP Electricity Ltd,2006-12-22 00:00:00+00,,
824,512,21,ESP Electricity Ltd,2010-09-30 23:00:00+00,,
825,512,22,ESP Electricity Ltd,2005-03-31 23:00:00+00,,
826,512,23,ESP Electricity Ltd,2005-03-31 23:00:00+00,,25
827,513,29,MVV Environment Services Limited,2013-08-13 23:00:00+00,,
828,514,29,Delta Gas And Power Ltd,2016-08-16 23:00:00+00,,
829,515,29,Limejump Energy Limited,2018-02-14 00:00:00+00,,
830,516,21,Leyland Metering Services Ltd,2016-11-16 00:00:00+00,,
831,517,0,EDF Energy Limited,2012-05-15 23:00:00+00,,
832,517,3,London Power Networks,1999-01-29 00:00:00+00,,
833,517,6,EDF Energy Ltd Customer Field Services,2009-11-18 00:00:00+00,,
834,517,7,London Power Networks,2003-04-16 23:00:00+00,,
835,517,10,EDF Energy Ltd Customer Field Services,1996-03-31 23:00:00+00,,
836,517,12,EDF Energy Ltd Customer Field Services,1996-03-31 23:00:00+00,,
837,517,13,EDF Energy Limited,2015-02-18 00:00:00+00,,
838,517,16,EDF Energy Limited,2015-02-18 00:00:00+00,,
839,517,18,London Power Networks,1996-03-31 23:00:00+00,,
840,517,21,EDF Energy Ltd Customer Field Services,1996-03-31 23:00:00+00,,
841,517,22,London Power Networks,1996-03-31 23:00:00+00,,
842,517,23,London Power Networks,1996-03-31 23:00:00+00,,12
843,517,27,EDF Energy Limited,1996-03-31 23:00:00+00,,
844,517,28,London Power Networks,1996-03-31 23:00:00+00,,
845,517,29,EDF Energy Limited,1996-03-31 23:00:00+00,,
846,518,29,E (GAS AND ELECTRICITY) LTD,2014-05-13 23:00:00+00,,
847,519,29,GNERGY Limited,2009-11-18 00:00:00+00,,
848,520,29,OVO Electricity Limited,2017-07-18 23:00:00+00,,
849,521,29,ESB Energy Ltd,2016-03-16 00:00:00+00,,
850,522,29,MA Energy Ltd,2009-08-18 23:00:00+00,,
851,523,29,MA Energy Ltd,2014-10-14 23:00:00+00,,
852,524,29,Orsted Power Sales (UK) Limited,2011-06-14 23:00:00+00,,
853,526,29,e2m - energy trading ltd,2017-11-15 00:00:00+00,,
854,528,0,Scottish Power Energy Retail Ltd,2012-07-19 23:00:00+00,,
855,528,3,SP Manweb Plc,1998-11-13 00:00:00+00,,
856,528,4,SP Dataserve Ltd,1998-11-13 00:00:00+00,,
857,528,6,ScottishPower Energy Retail Limited,2013-09-17 23:00:00+00,,
858,528,7,SP Manweb Plc,2003-05-28 23:00:00+00,,
859,528,10,SP Dataserve Ltd,1996-03-31 23:00:00+00,,
860,528,12,SP Dataserve Ltd,1996-03-31 23:00:00+00,,
861,528,17,SP Manweb Plc,1998-11-13 00:00:00+00,,
862,528,18,SP Manweb Plc.,1996-03-31 23:00:00+00,,
863,528,21,SP Dataserve Ltd,1996-03-31 23:00:00+00,,
864,528,22,SP Manweb Plc.,1996-03-31 23:00:00+00,,
865,528,23,SP Manweb Plc,1996-03-31 23:00:00+00,,13
866,528,27,Scottish Power Energy Retail Ltd,1998-11-13 00:00:00+00,,
867,528,28,SP Dataserve Ltd,1996-03-31 23:00:00+00,,
868,528,29,Scottish Power Energy Retail Ltd,1996-03-31 23:00:00+00,,
869,529,29,Marble Power Limited,2013-09-17 23:00:00+00,,
870,530,29,LOGICOR ENERGY LIMITED,2016-03-16 00:00:00+00,,
871,531,29,MATTINA LIMITED,2016-10-18 23:00:00+00,,
872,533,7,METER CORP LTD,2016-04-19 23:00:00+00,,
873,534,7,Magic Thermodynamic Box,2015-11-18 00:00:00+00,,
874,536,6,E.ON UK Energy Services Limited,2003-07-24 23:00:00+00,,
875,537,6,E.ON UK Energy Services Limited,2003-07-24 23:00:00+00,,
876,538,6,Metering Services Ltd,2003-07-24 23:00:00+00,,
877,539,7,Metering Services Ltd,2003-05-28 23:00:00+00,,
878,540,6,E.ON UK Energy Services Limited,2003-07-24 23:00:00+00,,
879,541,7,Meter Fit Assets Limited,2011-07-19 23:00:00+00,,
880,542,7,Meter Fit 20 Limited,2016-01-01 00:00:00+00,,
881,543,7,Meter Fit 35 Limited,2017-07-18 23:00:00+00,,
882,544,7,Meter Fit Ltd,2010-06-15 23:00:00+00,,
883,545,7,Meter Fit 10 Limited,2016-01-01 00:00:00+00,,
884,546,7,Meter Fit 30 Limited,2016-03-16 00:00:00+00,,
885,547,7,Meter Fit Ltd,2010-06-15 23:00:00+00,,
886,549,7,MERIDIAN INFRASTRUCTURE,2014-05-13 23:00:00+00,,
887,550,0,Npower Limited,2012-07-19 23:00:00+00,,
888,550,3,Western Power Distribution West Midlands,1998-11-09 00:00:00+00,,
889,550,7,Western Power Distribution West Midlands,2003-04-16 23:00:00+00,,
890,550,9,E.ON UK Energy Services Limited,2002-08-08 23:00:00+00,,
891,550,10,E.ON UK Energy Services Limited,1996-03-31 23:00:00+00,,
892,550,11,E.ON UK Energy Services Limited,2002-08-08 23:00:00+00,,
893,550,12,E.ON UK Energy Services Limited,1996-03-31 23:00:00+00,,
894,550,18,Western Power Distribution West Midlands,1998-11-09 00:00:00+00,,
895,550,21,E.ON UK Energy Services Limited,1996-03-31 23:00:00+00,,
896,550,22,Western Power Distribution West Midlands,1996-03-31 23:00:00+00,,
897,550,23,Western Power Distribution West Midlands,1996-03-31 23:00:00+00,,14
898,550,27,National Power (Energy Co.) Limited,1996-03-31 23:00:00+00,,
899,550,28,Western Power Distribution West Midlands,1998-11-09 00:00:00+00,,
900,550,29,NPOWER LTD,1996-03-31 23:00:00+00,,
901,551,29,Toucan Energy Limited,2016-03-16 00:00:00+00,,
902,552,29,MISSISSIPPI ENERGY LIMITED,2018-08-14 23:00:00+00,,
903,553,7,Macquarie Leasing Limited,2010-09-14 23:00:00+00,,
904,554,7,Macquarie Leasing Limited,2010-03-17 00:00:00+00,,
905,555,7,Magnum Metering Assets Ltd,2017-10-17 23:00:00+00,,
906,556,21,Fulcrum Metering Services Limited,2016-11-16 00:00:00+00,,
907,557,29,People's Energy (Supply) Ltd,2016-12-21 00:00:00+00,,
908,559,21,Morrison Utility Services Ltd,2016-04-30 23:00:00+00,,
909,560,18,MURPHY POWER DISTRIBUTION LIMITED,2017-04-18 23:00:00+00,,
910,560,22,MURPHY POWER DISTRIBUTION LIMITED,2017-04-18 23:00:00+00,,
911,560,23,MURPHY POWER DISTRIBUTION LIMITED,2017-04-18 23:00:00+00,,34
912,561,29,Octopus Energy Limited,2015-06-16 23:00:00+00,,
913,563,29,MSCGI c/o Morgan Stanley & Co.  Int. Ltd,2006-03-31 23:00:00+00,2016-11-16 23:30:00+00,
914,564,21,Syndicate City Limited,2016-12-21 00:00:00+00,,
915,565,29,Brook Green Trading Limited,2015-11-18 00:00:00+00,,
916,566,0,Npower Limited,2012-07-19 23:00:00+00,,
917,566,7,NPOWER LTD,2003-07-24 23:00:00+00,,
918,566,11,npower Ltd,2011-12-14 00:00:00+00,,
919,566,21,NPOWER LTD,2009-08-18 23:00:00+00,,
920,566,29,Npower Ltd,1996-03-31 23:00:00+00,,
921,567,29,Brilliant Energy Supply Limited,2015-06-16 23:00:00+00,,
922,568,0,npower Northern Limited,2012-07-19 23:00:00+00,,
923,568,1,npower,2012-09-18 23:00:00+00,,
924,568,3,Northern Powergrid (Northeast) Ltd,2006-03-24 00:00:00+00,,
925,568,4,Npower Ltd,2010-10-19 23:00:00+00,,
926,568,7,Northern Powergrid (Northeast) Ltd,2003-04-16 23:00:00+00,,
927,568,9,npower Northern Limited,1996-03-31 23:00:00+00,,
928,568,10,npower Northern Limited,1996-03-31 23:00:00+00,,
929,568,11,npower Northern Limited,1996-03-31 23:00:00+00,,
930,568,12,npower Northern Limited,1996-03-31 23:00:00+00,,
931,568,18,Northern Powergrid (Northeast) Ltd,1998-09-30 23:00:00+00,,
932,568,21,npower Northern Limited,1996-03-31 23:00:00+00,,
933,568,22,Northern Powergrid (Northeast) Ltd,1996-03-31 23:00:00+00,,
934,568,23,Northern Powergrid (Northeast) Limited,1996-03-31 23:00:00+00,,15
935,568,27,npower Northern Limited,1998-09-30 23:00:00+00,,
936,568,28,npower Northern Limited,1998-09-30 23:00:00+00,,
937,568,29,npower Northern Limited,1996-03-31 23:00:00+00,,
938,569,0,British Energy Direct Limited,2012-05-15 23:00:00+00,2018-02-14 23:30:00+00,
939,569,13,British Energy Direct Limited,2015-02-18 00:00:00+00,2018-02-14 23:30:00+00,
940,569,16,British Energy Direct Limited,2015-02-18 00:00:00+00,2018-02-14 23:30:00+00,
941,569,29,British Energy Direct Limited,1996-03-31 23:00:00+00,2015-10-14 22:30:00+00,
942,571,29,NEVADA ENERGY LIMITED,2018-04-10 23:00:00+00,,
943,572,29,Shell Energy Supply UK Ltd.,2016-11-16 00:00:00+00,,
944,575,25,185 Park Street,1996-03-31 23:00:00+00,,
945,579,21,Nelson Metering Services Limited,2016-11-16 00:00:00+00,,
946,580,5,NONE,2013-12-18 00:00:00+00,,
947,581,0,E.ON UK,2012-08-14 23:00:00+00,,
948,581,3,Electricity North West Limited,1998-11-13 00:00:00+00,,
949,581,4,Amey Metering Limited,1998-11-13 00:00:00+00,,
950,581,7,Electricity North West Limited,2003-04-16 23:00:00+00,,
951,581,10,E.ON UK Energy Services Limited,1996-03-31 23:00:00+00,,
952,581,12,E.ON UK Energy Services Limited,1996-03-31 23:00:00+00,,
953,581,18,Electricity North West Limited,1998-11-13 00:00:00+00,,
954,581,21,Amey Metering Limited,1996-03-31 23:00:00+00,,
955,581,22,Electricity North West Limited,1996-03-31 23:00:00+00,,
956,581,23,Electricity North West Limited,1996-03-31 23:00:00+00,,16
957,581,27,E.ON UK,1998-11-13 00:00:00+00,,
958,581,28,Electricity North West Limited,1998-11-13 00:00:00+00,,
959,581,29,E.ON Energy Ltd,1996-03-31 23:00:00+00,,
960,582,7,Northern Powergrid Metering,2013-08-13 23:00:00+00,,
961,583,27,INNOGY Plc,2008-01-11 00:00:00+00,,
962,585,29,Nuclear Decommissioning Authority Ltd,1996-03-31 23:00:00+00,,
963,586,29,Addito Supply Limited,2012-10-16 23:00:00+00,,
964,587,29,British Gas Trading Ltd,2003-07-24 23:00:00+00,,
965,588,21,Oakmere Metering Services Ltd,2016-11-16 00:00:00+00,,
966,589,8,Orange Limited,2011-02-24 00:00:00+00,,
967,590,21,OnStream,2009-06-11 23:00:00+00,2014-03-19 23:30:00+00,
968,591,6,UMS Ltd (trading as OnStream),2006-12-22 00:00:00+00,2015-03-18 23:30:00+00,
969,591,7,UMS Ltd (trading as OnStream),2006-12-22 00:00:00+00,,
970,591,10,UMS Ltd (trading as OnStream),2009-01-14 00:00:00+00,2015-03-18 23:30:00+00,
971,591,12,UMS Ltd (trading as OnStream),2009-01-14 00:00:00+00,2012-08-15 22:30:00+00,
972,591,21,UMS Ltd (trading as OnStream),2006-12-22 00:00:00+00,2014-03-19 23:30:00+00,
973,592,6,35 Homer Road,2005-11-18 00:00:00+00,,
974,592,7,"UMSL, trading as OnStream",2003-05-22 23:00:00+00,,
975,593,29,Avid Energy Limited,2016-11-16 00:00:00+00,,
976,594,29,MoneyPlus Energy Limited,2017-11-15 00:00:00+00,,
977,595,29,OREGON ENERGY LIMITED,2018-04-10 23:00:00+00,,
978,596,29,BRISTOL ENERGY,2015-02-18 00:00:00+00,,
979,597,8,O2,2011-02-24 00:00:00+00,,
980,598,29,OVO Energy,2009-08-18 23:00:00+00,,
981,599,0,Opus Energy Limited,2012-07-19 23:00:00+00,,
982,599,29,Opus Energy Limited,2002-08-08 23:00:00+00,,
983,600,29,Paddington Power Limited,2013-09-17 23:00:00+00,,
984,601,29,Palladium Energy Supply Limited,2015-02-18 00:00:00+00,,
985,602,29,One Wales Energy Ltd,2016-12-21 00:00:00+00,2019-01-23 23:30:00+00,
986,604,4,Power Data Associates Ltd,2006-02-10 00:00:00+00,,
987,605,3,Leep Electricity Networks Ltd,2015-06-16 23:00:00+00,,
988,605,18,Leep Electricity Networks Ltd,2015-06-16 23:00:00+00,,
989,605,22,Leep Electricity Networks Ltd,2015-06-16 23:00:00+00,,
990,605,23,Leep Electricity Networks Ltd,2015-06-16 23:00:00+00,,30
991,605,28,Leep Electricity Networks Ltd,2015-06-16 23:00:00+00,,
992,606,29,Perle Energy Limited,2019-02-20 00:00:00+00,,
993,609,0,E.ON UK,2012-08-14 23:00:00+00,,
994,609,29,EON Energy Solutions Limited,1996-03-31 23:00:00+00,,
995,610,29,Tonik Energy Limited,2016-07-19 23:00:00+00,,
996,611,29,Igloo Energy Supply Limited,2016-08-16 23:00:00+00,,
997,612,29,Pirranello Energy Supply Ltd,2017-11-15 00:00:00+00,,
998,613,4,PLEXUS TECHNOLOGY LIMITED,2007-07-12 23:00:00+00,,
999,613,6,PLEXUS TECHNOLOGY LIMITED,2007-07-12 23:00:00+00,,
1000,613,7,PLEXUS TECHNOLOGY LIMITED,2007-07-12 23:00:00+00,,
1001,614,7,Npower Yorkshire Ltd (MeterPlus),2003-05-22 23:00:00+00,,
1002,615,21,Preston Metering Services Ltd,2016-11-16 00:00:00+00,,
1003,617,30,338 Euston Road,1996-03-31 23:00:00+00,,
1004,618,29,Hartree Partners Supply (UK) Limited,2015-09-15 23:00:00+00,,
1005,619,7,PRI Ltd,2005-04-28 23:00:00+00,,
1006,620,27,PRI Ltd,2005-04-28 23:00:00+00,,
1007,621,29,DYCE ENERGY LTD,2016-10-18 23:00:00+00,,
1008,622,29,Npower Ltd,2016-03-16 00:00:00+00,,
1009,623,29,Good Energy Limited,2003-01-24 00:00:00+00,,
1010,624,29,PUTNEY ENERGY LIMITED,2016-12-21 00:00:00+00,,
1011,625,29,GoTo Energy (UK) Limited,2016-12-21 00:00:00+00,,
1012,626,29,Victory Energy Supply Limited,2017-02-15 00:00:00+00,,
1013,627,29,The Royal Bank of Scotland,2008-03-11 00:00:00+00,2012-06-26 22:30:00+00,
1014,628,29,Bulb Energy Ltd,2013-09-17 23:00:00+00,,
1015,630,29,The Renewable Energy Company Ltd,1996-03-31 23:00:00+00,,
1016,632,29,Our Power Energy Supply Ltd,2015-02-18 00:00:00+00,,
1017,633,8,Dummy Id for Roaming SIMs,2012-03-14 00:00:00+00,,
1018,635,29,Gas & Power Limited T/A Gulf Gas & Power,2016-08-16 23:00:00+00,,
1019,637,29,Rutherford Energy Supply Limited,2017-02-15 00:00:00+00,,
1020,638,29,ENGIE Power Limited,2002-02-22 00:00:00+00,,
1021,639,7,Solutions Asset Finance Ltd,2015-11-18 00:00:00+00,,
1022,640,29,Nabuh Energy Limited,2016-08-16 23:00:00+00,,
1023,641,29,Electroroute Energy Limited,2017-03-15 00:00:00+00,,
1024,642,29,Satus Energy Limited,2017-03-15 00:00:00+00,,
1025,643,29,Scafell Energy Limited,2018-10-16 23:00:00+00,,
1026,648,6,Secus ltd,2009-04-15 23:00:00+00,,
1027,649,0,EDF Energy Limited,2012-05-15 23:00:00+00,,
1028,649,3,South Eastern Power Networks,2005-11-18 00:00:00+00,,
1029,649,6,EDF Energy Ltd Customer Field Services,2000-05-02 23:00:00+00,,
1030,649,7,South Eastern Power Networks,2003-04-16 23:00:00+00,,
1031,649,10,EDF Energy Ltd Customer Field Services,1996-03-31 23:00:00+00,,
1032,649,12,EDF Energy Ltd Customer Field Services,1996-03-31 23:00:00+00,,
1033,649,13,EDF Energy Limited,2015-02-18 00:00:00+00,,
1034,649,16,EDF Energy Limited,2015-02-18 00:00:00+00,,
1035,649,18,South Eastern Power Networks,2000-08-10 23:00:00+00,,
1036,649,21,EDF Energy Ltd Customer Field Services,1996-03-31 23:00:00+00,,
1037,649,22,South Eastern Power Networks,1996-03-31 23:00:00+00,,
1038,649,23,South Eastern Power Networks,1996-03-31 23:00:00+00,,19
1039,649,27,EDF Energy Limited,1999-04-22 23:00:00+00,,
1040,649,28,South Eastern Power Networks,2011-01-19 00:00:00+00,,
1041,649,29,EDF Energy Limited,1996-03-31 23:00:00+00,,
1042,650,29,Shell Energy Europe,2018-09-18 23:00:00+00,,
1043,652,21,Simply Electric Metering Ltd,2016-12-21 00:00:00+00,,
1044,654,15,SESL,1996-03-31 23:00:00+00,,
1045,655,7,SGN Smart Ltd,2016-05-17 23:00:00+00,,
1046,657,6,Siemens Managed Services,2009-08-18 23:00:00+00,,
1047,657,7,Siemens Managed Services,2003-05-22 23:00:00+00,,
1048,657,10,Siemens Managed Services,2003-06-19 23:00:00+00,,
1049,657,12,Siemens Managed Services,2003-06-19 23:00:00+00,,
1050,657,21,Siemens Managed Services,2003-06-19 23:00:00+00,,
1051,657,27,Hortonwood 30,2001-10-18 23:00:00+00,,
1052,658,29,Simcoe Energy Limited,2019-02-20 00:00:00+00,,
1053,659,29,United Gas & Power Trading Ltd,2016-10-18 23:00:00+00,,
1054,660,29,SINQ POWER LIMITED,2015-09-15 23:00:00+00,,
1055,661,29,Hudson Energy Supply UK Ltd,2013-08-13 23:00:00+00,,
1056,662,29,Skylane Energy Supply Limited,2018-04-10 23:00:00+00,,
1057,664,29,CNG Electricity Limited,2015-06-16 23:00:00+00,,
1058,665,29,SmartestEnergy Ltd,2012-06-19 23:00:00+00,2016-03-16 23:30:00+00,
1059,666,7,Smart Meter Assets 1 Limited,2013-08-13 23:00:00+00,,
1060,667,13,SmartestEnergy Limited,2017-04-18 23:00:00+00,,
1061,667,29,SmartestEnergy Limited,2002-01-18 00:00:00+00,,
1062,668,5,Secure Meters (UK) Limited,2013-12-18 00:00:00+00,,
1063,669,7,Smart Metering Management Ltd,2014-11-19 00:00:00+00,,
1064,671,29,Sunflower Energy Supply Ltd,2016-08-16 23:00:00+00,,
1065,672,7,Solarplicity Energy Limited,2017-11-15 00:00:00+00,,
1066,673,0,SSE Electricity Limited,2012-07-19 23:00:00+00,,
1067,673,1,SSE Plc,2012-07-19 23:00:00+00,,
1068,673,3,SSE Plc,1999-01-29 00:00:00+00,,
1069,673,4,SSE Plc,1999-01-29 00:00:00+00,,
1070,673,7,SSE Metering Limited,2003-04-16 23:00:00+00,,
1071,673,10,SSE Metering Limited,1996-03-31 23:00:00+00,,
1072,673,12,SSE Metering Limited,1996-03-31 23:00:00+00,,
1073,673,13,SSE plc,2015-05-12 23:00:00+00,,
1074,673,16,SSE plc,2015-05-12 23:00:00+00,,
1075,673,18,SSE Plc,1996-03-31 23:00:00+00,,
1076,673,21,SSE Metering Limited,1996-03-31 23:00:00+00,,
1077,673,22,SSE Plc,1996-03-31 23:00:00+00,,
1078,673,23,Southern Electric Power Distribution Plc,1996-03-31 23:00:00+00,,20
1079,673,27,SSE Electricity Limited,1996-03-31 23:00:00+00,,
1080,673,28,SSE Plc,1996-03-31 23:00:00+00,,
1081,673,29,SSE Electricity Limited,1996-03-31 23:00:00+00,,
1082,674,29,Home Energy Trading Limited,2017-03-15 00:00:00+00,,
1083,675,0,Scottish Power Energy Retail Ltd,2012-07-19 23:00:00+00,,
1084,675,1,Scottish Power Energy Retail Ltd,2012-07-17 23:00:00+00,,
1085,675,2,ScottishPower,2013-04-16 23:00:00+00,,
1086,675,3,SP Distribution Ltd,1998-11-13 00:00:00+00,,
1087,675,4,SP Dataserve Ltd,1998-11-13 00:00:00+00,,
1088,675,6,ScottishPower Energy Retail Limited,2013-09-17 23:00:00+00,,
1089,675,7,SP Distribution Ltd,2003-05-28 23:00:00+00,,
1090,675,9,SP Dataserve Ltd,1996-03-31 23:00:00+00,,
1091,675,10,SP Dataserve Ltd,1996-03-31 23:00:00+00,,
1092,675,11,SP Dataserve Ltd,1996-03-31 23:00:00+00,,
1093,675,12,SP Dataserve Ltd,1996-03-31 23:00:00+00,,
1094,675,13,Scottish Power Ltd,2018-02-14 00:00:00+00,,
1095,675,16,Scottish Power Ltd,2018-02-14 00:00:00+00,,
1096,675,17,SP Distribution Ltd,1998-11-13 00:00:00+00,,
1097,675,18,SP Distribution Ltd,1996-03-31 23:00:00+00,,
1098,675,21,SP Dataserve Ltd,1996-03-31 23:00:00+00,,
1099,675,22,SP Distribution Ltd,1996-03-31 23:00:00+00,,
1100,675,23,SP Distribution Ltd,1996-03-31 23:00:00+00,,18
1101,675,25,SP Transmission Ltd,1996-03-31 23:00:00+00,,
1102,675,27,Scottish Power Energy Retail Ltd,1998-11-13 00:00:00+00,,
1103,675,28,SP Dataserve Ltd,1996-03-31 23:00:00+00,,
1104,675,29,Scottish Power Energy Retail Ltd,1996-03-31 23:00:00+00,,
1105,676,0,Spark Energy Supply Limited,2017-11-15 00:00:00+00,,
1106,676,29,OVO Energy,2008-01-11 00:00:00+00,,
1107,677,7,SP Smart Meter Assets Limited,2016-05-17 23:00:00+00,,
1108,678,6,Stark Software,2005-04-28 23:00:00+00,,
1109,678,9,Stark Software International Ltd,2001-07-19 23:00:00+00,,
1110,678,10,Stark Software International,2009-05-10 23:00:00+00,,
1111,678,11,Stark Software International Ltd,2001-07-19 23:00:00+00,,
1112,678,12,Stark Software International,2009-05-10 23:00:00+00,,
1113,679,21,Actavo Network Solutions UK Ltd,2015-01-21 00:00:00+00,,
1114,680,29,Statkraft Markets GmbH,2010-10-19 23:00:00+00,,
1115,681,30,4-6 Church Walk,1996-03-31 23:00:00+00,,
1116,682,7,STARK UTILITY FUNDING LIMITED,2017-04-18 23:00:00+00,,
1117,683,0,SSE Electricity Limited,2012-07-19 23:00:00+00,,
1118,683,3,Western Power Distribution - South Wales,1998-11-09 00:00:00+00,,
1119,683,4,Western Power Distribution - South Wales,1998-11-09 00:00:00+00,,
1120,683,18,Western Power Distribution - South Wales,1998-11-09 00:00:00+00,,
1121,683,22,Western Power Distribution - South Wales,1996-03-31 23:00:00+00,,
1122,683,23,Western Power Distribution - South Wales,1996-03-31 23:00:00+00,,21
1123,683,27,SSE Electricity Limited,1998-11-09 00:00:00+00,,
1124,683,28,Western Power Distribution - South Wales,1998-11-09 00:00:00+00,2012-01-18 23:30:00+00,
1125,683,29,SSE Electricity Limited,1996-03-31 23:00:00+00,,
1126,684,29,Snowdrop Energy Supply Limited,2016-03-16 00:00:00+00,,
1127,685,0,EDF Energy Limited,2012-05-15 23:00:00+00,,
1128,685,3,Western Power Distribution (South West),1998-09-30 23:00:00+00,,
1129,685,4,Western Power Distribution South West,1998-09-30 23:00:00+00,,
1130,685,6,EDF Energy Ltd Customer Field Services,2009-11-18 00:00:00+00,,
1131,685,10,EDF Energy Ltd Customer Field Services,1996-03-31 23:00:00+00,,
1132,685,12,EDF Energy Ltd Customer Field Services,1996-03-31 23:00:00+00,,
1133,685,13,EDF Energy Limited,2015-02-18 00:00:00+00,,
1134,685,16,EDF Energy Limited,2015-02-18 00:00:00+00,,
1135,685,18,Western Power Distribution (South West),1998-11-27 00:00:00+00,,
1136,685,21,WPD Smart metering Ltd,1996-03-31 23:00:00+00,,
1137,685,22,Western Power Distribution (South West),1996-03-31 23:00:00+00,,
1138,685,23,Western Power Distribution (South West),1996-03-31 23:00:00+00,,22
1139,685,27,EDF Energy Limited,1998-11-27 00:00:00+00,,
1140,685,28,Gadeon House,1998-11-27 00:00:00+00,,
1141,685,29,EDF Energy Limited,1996-03-31 23:00:00+00,,
1142,686,29,SSE Electricity Limited,2018-03-14 00:00:00+00,,
1143,687,29,SYMBIO ENERGY LTD,2012-11-29 00:00:00+00,,
1144,689,29,SANTANA ENERGY LIMITED,2018-04-10 23:00:00+00,,
1145,691,29,The Team Group of Companies UK Limited,2004-02-20 00:00:00+00,2018-05-03 22:30:00+00,
1146,692,29,TEMPLE ENERGY LIMITED,2016-12-21 00:00:00+00,,
1147,694,29,AVRO COMMERCIAL ENERGY TRADING LIMITED,2017-11-15 00:00:00+00,,
1148,695,29,Total Gas and Power Ltd,2000-10-19 23:00:00+00,,
1149,696,29,Orbit Energy Limited,2016-08-16 23:00:00+00,,
1150,697,29,Corona Energy Retail 4 Limited,2014-01-22 00:00:00+00,,
1151,698,29,Tillicum Energy Limited,2019-02-20 00:00:00+00,,
1152,699,29,Bruntwood Energy Services Ltd,2015-11-18 00:00:00+00,,
1153,700,8,T-Mobile,2011-02-24 00:00:00+00,,
1154,701,29,Pozitive Energy Limited,2015-11-18 00:00:00+00,,
1155,702,29,Together Energy Supply Limited,2017-12-20 00:00:00+00,,
1156,703,29,TONIK ENERGY LIMITED,2019-01-23 00:00:00+00,,
1157,704,29,Toto Energy Ltd,2017-10-17 23:00:00+00,,
1158,705,29,Switch Business Gas & Power,2015-09-15 23:00:00+00,,
1159,706,29,Power4All Limited,2007-12-07 00:00:00+00,,
1160,707,21,TMA Data Management Ltd,2016-01-20 00:00:00+00,,
1161,708,6,TruRead Limited,2008-10-06 23:00:00+00,,
1162,709,29,Pure Planet Limited,2016-03-16 00:00:00+00,,
1163,710,6,Utility Data Management Services,2009-01-14 00:00:00+00,,
1164,710,9,TMA Data Management Ltd,2007-04-04 23:00:00+00,,
1165,710,10,TMA Data Management Ltd,2006-08-31 23:00:00+00,,
1166,710,11,TMA Data Management Ltd,2007-04-04 23:00:00+00,,
1167,710,12,TMA Data Management Ltd,2009-01-14 00:00:00+00,,
1168,711,3,Energy Assets Networks Limited,2017-04-18 23:00:00+00,,
1169,711,18,Energy Assets Networks Limited,2016-11-16 00:00:00+00,,
1170,711,22,Energy Assets Networks Limited,2016-11-16 00:00:00+00,,
1171,711,23,Energy Assets Networks Limited,2016-11-16 00:00:00+00,,32
1172,712,6,Harston Mills Campus,2006-02-10 00:00:00+00,,
1173,712,7,Utility Energy Solutions Ltd,2003-09-18 23:00:00+00,,
1174,713,7,Foresight Metering Ltd,2011-03-16 00:00:00+00,,
1175,714,6,IMServ Europe Ltd,2006-08-31 23:00:00+00,,
1176,714,7,IMServ Europe Ltd,2003-07-31 23:00:00+00,,
1177,714,9,IMServ Europe Ltd,1996-03-31 23:00:00+00,,
1178,714,10,IMServ Europe Ltd,2005-04-30 23:00:00+00,,
1179,714,11,IMServ Europe Ltd,1996-03-31 23:00:00+00,,
1180,714,12,IMServ Europe Ltd,2005-04-30 23:00:00+00,,
1181,714,14,Scorpio,1996-03-31 23:00:00+00,,
1182,714,19,IMServ Europe Ltd,2004-06-04 23:00:00+00,,
1183,714,21,IMServ Europe Ltd,2005-04-30 23:00:00+00,,
1184,714,24,Scorpio,1996-03-31 23:00:00+00,,
1185,717,7,UK Power Networks Metering,2015-09-15 23:00:00+00,,
1186,718,3,UK Power Distribution Limited,2016-06-14 23:00:00+00,,
1187,718,18,UK Power Distribution Limited,2016-03-16 00:00:00+00,,
1188,718,22,UK Power Distribution Limited,2016-03-16 00:00:00+00,,
1189,718,23,UK Power Distribution Limited,2016-03-16 00:00:00+00,,31
1190,719,29,UK POWER RESERVE LIMITED,2016-04-19 23:00:00+00,,
1191,721,6,PRI House,2006-10-05 23:00:00+00,,
1192,721,7,Utilita Field Services Ltd,2006-11-17 00:00:00+00,,
1193,721,21,Utilita Field Services Ltd,2007-04-04 23:00:00+00,,
1194,721,27,PRI House,2006-10-05 23:00:00+00,,
1195,722,6,SMS Energy Services Ltd,2007-10-11 23:00:00+00,,
1196,722,7,SMS Energy Services Ltd,2009-03-31 23:00:00+00,,
1197,722,10,SMS Energy Services Ltd,2008-03-11 00:00:00+00,,
1198,722,12,SMS Energy Services Ltd,2008-03-11 00:00:00+00,,
1199,722,21,SMS Energy Services Ltd,2009-03-31 23:00:00+00,,
1200,723,9,Utility Partnership Ltd,2011-09-28 23:00:00+00,2011-11-16 23:30:00+00,
1201,723,9,SMS Energy Services Ltd,2012-07-17 23:00:00+00,,
1202,723,11,Utility Partnership Ltd,2011-09-28 23:00:00+00,2011-11-16 23:30:00+00,
1203,723,11,SMS Energy Services Ltd,2012-07-17 23:00:00+00,,
1204,723,21,Utility Partnership Ltd,2011-09-28 23:00:00+00,2011-11-16 23:30:00+00,
1205,723,21,SMS Energy Services Ltd,2012-07-17 23:00:00+00,,
1206,724,9,Utility Partnership Ltd,2011-11-16 00:00:00+00,,
1207,724,11,Utility Partnership Ltd,2011-11-16 00:00:00+00,,
1208,724,21,Utility Partnership Ltd,2011-11-16 00:00:00+00,,
1209,725,7,Amey Metering Limited,2010-10-19 23:00:00+00,,
1210,726,30,9A Margaret Street,2001-05-24 23:00:00+00,,
1211,727,7,Amey Metering Limited,2010-10-19 23:00:00+00,,
1212,728,7,Amey Metering Limited,2007-07-12 23:00:00+00,,
1213,729,7,Amey Metering Limited,2003-05-22 23:00:00+00,,
1214,729,21,Amey Metering Limited,2003-04-16 23:00:00+00,,
1215,731,3,Vattenfall Networks Ltd,2019-01-23 00:00:00+00,,
1216,731,18,Vattenfall Networks Ltd,2018-02-14 00:00:00+00,,
1217,731,22,Vattenfall Networks Ltd,2018-02-14 00:00:00+00,,
1218,731,23,Vattenfall Networks Ltd,2018-02-14 00:00:00+00,,36
1219,732,29,VAVU POWER LIMITED,2014-11-19 00:00:00+00,,
1220,733,29,VERMONT ENERGY LIMITED,2018-08-14 23:00:00+00,,
1221,734,29,Vattenfall Energy Trading GmbH,2014-01-22 00:00:00+00,,
1222,735,29,Viper Energy Supply Limited,2018-04-10 23:00:00+00,,
1223,736,29,VIRGINIA ENERGY LIMITED,2018-08-14 23:00:00+00,,
1224,737,7,Vantage Meters (MAP 1) Limited,2016-11-16 00:00:00+00,,
1225,738,29,Venga Energy Supply Limited,2018-04-10 23:00:00+00,,
1226,739,29,Vanquist Energy Supply Limited,2018-04-10 23:00:00+00,,
1227,740,8,Vodafone Ltd,2011-02-24 00:00:00+00,,
1228,741,29,The Co-operative Energy Ltd,2009-11-18 00:00:00+00,,
1229,742,29,UTILITY POINT LTD,2017-11-15 00:00:00+00,,
1230,745,29,Willamette Energy Limited,2019-02-20 00:00:00+00,,
1231,748,7,Western Power Distribution,2011-09-13 23:00:00+00,2012-01-18 23:30:00+00,
1232,749,7,Western Power Distribution,2004-03-19 00:00:00+00,,
1233,750,7,Western Power Distribution,2017-12-20 00:00:00+00,,
1234,751,7,Western Power Distribution (South West),2003-04-16 23:00:00+00,,
1235,752,7,Western Power Distribution (South Wales),2003-04-16 23:00:00+00,,
1236,753,7,Western Power Distribution,2011-09-13 23:00:00+00,2012-01-18 23:30:00+00,
1237,757,0,Npower Yorkshire Supply Limited,2012-07-19 23:00:00+00,,
1238,757,3,Northern Powergrid (Yorkshire) plc,2006-03-24 00:00:00+00,,
1239,757,6,Npower Yorkshire Ltd,2003-12-19 00:00:00+00,,
1240,757,7,Northern Powergrid (Yorkshire) Ltd,2003-04-16 23:00:00+00,,
1241,757,10,Npower Yorkshire Ltd,1996-03-31 23:00:00+00,,
1242,757,12,Npower Yorkshire Ltd,1996-03-31 23:00:00+00,,
1243,757,18,Northern Powergrid (Yorkshire) Ltd,1996-03-31 23:00:00+00,,
1244,757,21,npower Yorkshire Ltd,1996-03-31 23:00:00+00,,
1245,757,22,Northern Powergrid (Yorkshire) Ltd,1996-03-31 23:00:00+00,,
1246,757,23,Northern Powergrid (Yorkshire) plc,1996-03-31 23:00:00+00,,23
1247,757,27,Wetherby Road,1996-03-31 23:00:00+00,,
1248,757,28,Wetherby Road,1996-03-31 23:00:00+00,,
1249,757,29,NPOWER YORKSHIRE SUPPLY LTD,1996-03-31 23:00:00+00,,
1250,785,29,Green Network Energy Ltd,2015-11-18 00:00:00+00,,
1251,790,9,Scorpio,2000-07-06 23:00:00+00,,
1252,792,29,Zythos Energy Limited,2019-02-20 00:00:00+00,,
1253,70,23,Virtual DNO,2000-01-01 00:00:00+00,,88
