id,code,name
0,AAUL,Alcan Aluminium Limited
1,ACCU,Morrison Data Services Limited
2,ACEL,Accord Energy Ltd
3,ACTA,ACTARIS UK LIMITED
4,ADAP,Celtpower Ltd
5,AEPD,AES NewEnergy Ltd
6,AESB,AES Barry Ltd
7,AESM,AES Smart Metering Ltd
8,AFPL,AES Fifoots Point Ltd
9,AGSS,amerada.co.uk Ltd
10,AHEL,Severn Trent Energy Ltd
11,AHGL,Amerada Hess Gas Ltd
12,ALAB,ALABAMA ENERGY LIMITED
13,ALAS,ALASKA ENERGY LIMITED
14,ALBU,ALBUQUERQUE ENERGY LIMITED
15,ALTI,Co-operative Energy Limited
16,AMGD,Amerada Hess Gas (Dom)
17,AMMR,Orsis UK (Ltd)
18,AMPE,Ampere Energy Supply Limited
19,AMSL,GB METERING SERVICES LIMITED
20,ANGE,Limejump Energy Limited
21,ANRG,Abingdon Energy Limited
22,APGL,Anglian Power Generators Ltd
23,AQES,Aquila Energy Supplies Ltd
24,ARIZ,SIMPLICITY ENERGY LIMITED
25,ARRU,Arruzzi Energy Supply Ltd
26,AVRO,AVRO ENERGY LIMITED
27,AXIS,Axis Telecom Ltd
28,AXPO,Axpo UK Limited
29,AZAC,Together Energy Supply Limited
30,BARB,Barbican Power Limited
31,BARK,Barking Power
32,BAYS,Bayswater Energy Limited
33,BCFC,Octopus Energy Limited
34,BERM,British Energy Retail Market
35,BETH,Mongoose Energy Supply Limited
36,BGAS,British Gas Trading Ltd
37,BGPL,British Gas plc
38,BIZZ,British Gas Trading Ltd
39,BLBL,Bluebell Energy Supply Ltd
40,BMET,BGlobal Metering Limited
41,BMHH,BGlobal Metering Limited
42,BMSL,BURY METERING SERVICES LTD
43,BNFL,British Nuclear Fuels plc
44,BNRG,Electricity Plus Supply Ltd
45,BORE,Zebra Power Limited
46,BORL,Eggborough Power Ltd
47,BREZ,Breeze Energy Supply Limited
48,BRZE,ARTO.ENERGY LIMITED
49,BTEL,BT
50,BULN,Bryt Energy Limited
51,CABH,Cabah Energy Limited
52,CALB,Coopers & Lybrand
53,CALI,Callesti Energy Supply Ltd
54,CALL,Scottish Power Energy Retail
55,CAML,Inexus (Services) Limited
56,CAND,Candecca Resources Limited
57,CAPG,Logica UK Limited
58,CBRA,Cabra Energy Supply Limited
59,CDSL,Controls Devices & Systems Ltd
60,CECO,Coryton Energy Company Ltd
61,CENP,Midlands Power (UK) Ltd
62,CESL,Commercial Electricity
63,CFWR,Eddington Energy Supply Ltd
64,CGEN,Citigen (London) Ltd
65,CGTL,Cinergy Global Trading
66,CGUK,Cinergy Global Power (UK) Ltd
67,CHFM,Central Homes & Fac. Mngt Ltd
68,CIDA,MRA Service Company TEST ID A
69,CIDB,MRA Service Company TEST ID B
70,CIDC,MRA Service Company TEST ID C
71,CILI,Cilleni Energy Supply Ltd
72,CIRC,Flow Energy Ltd
73,CMRO,Camaro Energy Supply Limited
74,CMSL,Access Install LTD
75,CNDL,Neas Energy Ltd.
76,CNRG,Opus Energy (Corporate) Ltd.
77,COLG,Colgano Energy Supply Ltd
78,COLO,COLORADO ENERGY LIMITED
79,COML,Complete Metering Limited
80,COMT,ENSTROGA Ltd
81,COOP,I Supply Energy Limited
82,CORB,Corby Power
83,CORE,Corona Energy Retail 4 Limited
84,COUL,Coulomb Energy Supply Limited
85,COVE,Toto Energy Ltd
86,CPPR,Affect Energy Ltd
87,CROS,Crosfield Ltd
88,CROW,Reuben Power Supply Limited
89,CUST,Dummy ID for Customers
90,CYCL,Business Power and Gas Limited
91,DAMC,Damhead Creek Ltd
92,DASL,Siemens MCS
93,DCCO,Data & Communications Company
94,DDCL,Dataflex Design Communication
95,DEES,Deeside Power Developmt Co Ltd
96,DEML,Dynamic Electric Metering Ltd
97,DERW,Derwent Co. Generation Ltd
98,DESL,Daisy Energy Supply Limited
99,DFDL,Tru Energy Limited
100,DIRA,Social Energy Supply Ltd
101,DMOM,DrakMarn O&M Ltd
102,DMSL,DROYLSDEN METERING SERVICES
103,DNRG,Donnington Energy Limited
104,DRAK,TXU Europe Drakelow Ltd
105,DRAX,Drax Power Ltd
106,DRGI,UK Healthcare Corporation Ltd
107,DUAL,Dual Energy Direct Limited
108,DUDG,Dudgeon Offshore Wind Ltd
109,EAMM,Energy Assets Metering MAP
110,EASL,Electricity Assn Services Ltd
111,EBES,BES Commercial Electricity Ltd
112,ECOA,British Gas Trading Ltd
113,ECOB,EnergyCo2 Ltd
114,ECOE,ECOES SERVICE PROVIDER
115,ECON,Economy Power
116,ECOT,Renewable Energy Company Ltd
117,ECSM,ECS Metering Services
118,EDCO,Energy Data Company Ltd
119,EDDI,Eddington Energy Supply Ltd
120,EDEF,EDF Production Transport
121,EDFE,EDF Energy Limited
122,EDFI,UK Power Networks (IDNO)
123,EDGE,Edgware Energy Limited
124,EDIR,Electricity Direct Ltd
125,EECL,Enfield Energy Centre Limited
126,EELC,Eastern Electricity
127,EENG,E.ON Energy Ltd
128,EESL,Economy Energy Supply Limited
129,EETL,OVO Electricity Limited
130,EFLS,Effortless Energy Ltd
131,EFPL,Edison First Power Ltd
132,EGDX,E (Gas and Electricity) Ltd
133,EGML,Eco Green Management Limited
134,ELEC,ELECTRAPHASE LIMITED
135,ELED,ELEDOR LIMITED
136,ELME,Elm Energy & Recycling UK Ltd
137,EMAP,COMPLETE METERING LIMITED
138,EMEB,East Midlands Electricity plc
139,EMGE,TXU Europe Merchant Generation
140,EMSL,Magnum Utilities Limited
141,EMZO,Emzo Energy Supply Limited
142,ENCS,Energy Communications Ltd
143,ENDC,EPG Energy Ltd
144,ENEC,Eneco Energy Trade BV
145,ENER,Simply Your Energy
146,ENGQ,Eversmart Energy Ltd
147,ENGY,Energy Assets Ltd
148,ENPA,ENPAAS LTD
149,ENRD,British Gas Trading
150,ENRG,Opus Energy Renewables Limited
151,ENRO,Enron Capital & Trade Resource
152,EOND,E.ON Energy Solutions Ltd
153,EPFA,Electricity Pool Funds Admin
154,EPHH,Economy Power Ltd
155,ESCL,Energy Supply Contracts Ltd
156,ESIS,Energy Settlements & Info Serv
157,ESML,E.ON UK Energy Services Ltd
158,ESPO,Essential Power Ltd
159,ESQL,E-Squared Limited
160,ESSL,Squeaky Clean Energy Limited
161,ESSP,EMR SSP
162,ETCL,Electricity Network Co
163,ETOL,Enron Teeside Operations Ltd
164,EURO,Robin Hood Energy Limited
165,EUST,Euston Energy Limited
166,EVER,Eversmart Energy Ltd
167,EXGL,Exelon Generation Limited
168,FARA,URE ENERGY LIMITED
169,FARR,Farringdon Energy Limited
170,FEAL,Fulcrum Electricity Assets Ltd
171,FEML,Future Energy Metering Ltd
172,FGEN,Fibrogen Ltd
173,FHPL,Fellside Heat and Power Ltd
174,FIBR,Fibropower Ltd
175,FIWL,Fibrowatt Limited
176,FLEX,Flexitricity Limited
177,FMSL,Solarplicity Utility Services
178,FNRG,Farmoor Energy Limited
179,FORT,Fortum Direct Ltd
180,FOUR,IPM Energy Retail Ltd
181,FRST,First Utility Limited
182,FSEN,F & S Energy Ltd.
183,FSML,Fulcrum Smart Metering Ltd
184,FUAP,First Utility Ltd
185,FUML,Functional Metering Limited
186,FXGL,Foxglove Energy Supply Limited
187,GALE,Planet 9 Energy Limited
188,GAMA,Solarplicity RAC MAP
189,GANY,Solarplicity Supply Limited
190,GCHP,Grangemouth CHP Limited
191,GDAB,Absolute Insulation Ltd
192,GDAC,Acrobat Carbon Services Ltd
193,GDAD,Green Deal Advice 247 Ltd
194,GDAE,Advent Energy Management
195,GDAF,Astute Motoring Ltd
196,GDAG,Agility Eco Services Ltd
197,GDAH,Active Energy Funding
198,GDAI,Anglian Home Improvements
199,GDAK,Allkaregreendeal Limited
200,GDAL,Anesco Ltd
201,GDAM,Ampere Green Deal Ltd
202,GDAN,AG Energy Solutions Ltd
203,GDAO,AOS EEHS Ltd
204,GDAP,Apple Panels Ltd
205,GDAR,Ace Plumbing Ltd
206,GDAS,Aran Services Ltd
207,GDAT,Atlantic Contracting Limited
208,GDAU,Aura Energy Limited
209,GDAX,Apex Green Ltd
210,GDAZ,AAA Green Solutions Ltd
211,GDBA,Bartons of Duke Street
212,GDBD,Bartons of Duke Street Limited
213,GDBE,BritishEco Limited
214,GDBF,British Gas Finance Limited
215,GDBG,British Gas
216,GDBH,Borthwick Heating Insulation
217,GDBK,Brook Energy Services Ltd
218,GDBM,BMRE Limited
219,GDBO,Broad Oak Properties Ltd
220,GDBR,GB Energy (Renewables) Ltd
221,GDBS,Myblueskies Limited
222,GDCA,CarbonLow Real Estate Limited
223,GDCB,Eco Carbon Print Limited
224,GDCC,GD Central Charge Database
225,GDCD,Countrywide Green Deal Ltd
226,GDCE,Carillion Energy Services
227,GDCF,CRG Finance
228,GDCG,CG Energy Ltd
229,GDCH,Consumer Financial Ltd
230,GDCI,Cornerstone Ltd
231,GDCJ,Green Deal Consortia Ltd
232,GDCK,Clarus Energy Ltd
233,GDCL,CarbonLow
234,GDCM,Climate Energy Ltd
235,GDCN,CertiNergy Ltd
236,GDCO,The Energy Saving Co-operative
237,GDCP,Capital Energy
238,GDCQ,Cardiff Energy Supply Ltd
239,GDCR,Solarcrown UK Limited
240,GDCS,City Energy South Wales Ltd
241,GDCT,Commercial Tech Services Ltd
242,GDCU,Corporate Support Solutions
243,GDCV,Carbon Savings Limited
244,GDCX,Cenergist Limited
245,GDCY,City Energy Ltd
246,GDDC,Deveron Construction Ltd
247,GDDD,A Deal Greener Ltd
248,GDDE,Green Deal and Eco Funding Ltd
249,GDDG,Domestic Green Energy Ltd
250,GDDH,Domestic & General Heating Ltd
251,GDDI,Direct Savings (Scotland)
252,GDDL,Green Deal Direct Ltd
253,GDDM,Dodd Group (Midlands) Ltd
254,GDDO,Domestic & General
255,GDDT,Green Deal Together
256,GDEA,Green Energy Advisors Ltd
257,GDEB,Essex Insulation Ltd
258,GDEC,The Big Green Energy Company
259,GDED,Eco Deal Ltd
260,GDEE,Enact Energy Renewables Ltd
261,GDEF,Effective Energy Solutions Ltd
262,GDEG,Egnida Limited
263,GDEH,ECO Home Alternatives Ltd
264,GDEI,Elite Supplies Ltd
265,GDEJ,EcoJoules Ltd
266,GDEK,Efficient Finance (UK) Ltd
267,GDEL,Energy With Limited
268,GDEM,Empower Community
269,GDEN,Enhance Energy Ltd
270,GDEO,Gdeco Ltd
271,GDEP,Go-Green Energy (Group) Ltd
272,GDEQ,Synergy Energy Solutions Ltd
273,GDER,Encraft
274,GDES,Green Deal Energy Services UK
275,GDET,Energy Trust
276,GDEU,Solar Europa Ltd
277,GDEV,EvoEnergy Ltd
278,GDEW,Efficient Warm Energy Limited
279,GDEX,Green Deal Express
280,GDEZ,Everwarm Ltd
281,GDFA,Green Energy Advisors Limited
282,GDFC,The Green Deal Finance Company
283,GDFG,1st Green Deal
284,GDFI,FITGAS Ltd
285,GDFL,Green Deal First Ltd
286,GDFO,Les Forshaw (Northern) Ltd
287,GDFP,Foster Property Maintenance
288,GDFR,Freedom Renewables Limited
289,GDFS,GDFC Services Limited
290,GDFU,Fusion Radiators Ltd
291,GDFW,Foster Renewable Energies Ltd
292,GDFY,Friendly Investment Company
293,GDGA,Green Assess
294,GDGB,Greenbuy Energy Limited
295,GDGC,Green Deal Factory
296,GDGD,GDFC Assets Limited
297,GDGE,G8 Eco Systems Ltd
298,GDGF,Green Funding Ltd
299,GDGG,Grafton Group
300,GDGH,GHE Solar Ltd
301,GDGJ,Windows Plus
302,GDGK,Green Eco Grants Ltd
303,GDGL,Greendeal-Lynx
304,GDGM,Central Gas Maintenance Ltd
305,GDGN,Greenexo Limited
306,GDGO,Greenoke Energy Ltd
307,GDGP,SERS Energy Solutions Ltd
308,GDGR,Gr33n Energy
309,GDGS,Green Deal Savings Ltd
310,GDGT,Gentoo Group Ltd
311,GDGU,Green Energy Solutions UK Ltd
312,GDGV,Greenvision Energy Ltd
313,GDGW,Glasgow Green Global Limited
314,GDGY,Dyson Energy Services Ltd
315,GDGZ,GZ Energy Solutions
316,GDHA,Happy Energy
317,GDHC,Gas Care Heating Services Ltd
318,GDHE,HELMS Ltd
319,GDHF,Herbert T Forrest Ltd
320,GDHG,Green Hut Energy Ltd
321,GDHI,High Oak Green Investments Ltd
322,GDHL,Help-Link UK Limited
323,GDHM,Green Leaf Homes Ltd
324,GDHO,Housing Action Management Ltd
325,GDHP,MW Heating & Plumbing Ltd
326,GDHS,Halltech Electrical Services
327,GDHU,Home Energy UK
328,GDHW,Heatwave Energy Funding Ltd
329,GDIA,Green Deal Initiative Ltd
330,GDIE,Infinity Energy Org
331,GDIF,Incentive FM
332,GDIG,Insta Group
333,GDII,Ipex Investments
334,GDIL,A&M Energy Solutions Ltd
335,GDIM,BTU Installation & Maintenance
336,GDIN,Infinite Energy UK Ltd
337,GDIS,Inteb Sustainability Limited
338,GDIT,Isothane Ltd
339,GDKF,Kingfisher Future Homes
340,GDKL,Kernow Loans Ltd
341,GDKM,Keepmoat Ltd
342,GDKN,KNW Partnership Limited
343,GDKS,UKSS Renewable Energy Services
344,GDLC,Low Carbon Finance Ltd
345,GDLE,Local Energy
346,GDLH,STL Heating and Energy Ltd
347,GDLL,Larkfleet Ltd
348,GDLO,Liberty Energy Org. Ltd
349,GDLS,Sustain Ltd
350,GDLU,Ludu Energy Ltd
351,GDLX,Lux Carbon Services Ltd
352,GDMB,Marshall Brown Energy Ltd
353,GDME,Merseyside Central Heating Ltd
354,GDMG,Mark Group Limited
355,GDMO,Move2Green Limited
356,GDMS,Solarwise-rl
357,GDMT,MEB Total Ltd
358,GDND,New Eco Developments Limited
359,GDNE,Nationwide Energy Consultants
360,GDNG,Network Green Deal Ltd
361,GDNH,British Gas Trading Limited
362,GDNL,1 North Ltd
363,GDNN,Npower Northern Limited
364,GDNO,1 North Ltd
365,GDNP,NEIL_PITTAM_ELECTRICAL_LTD
366,GDNR,Northern Gas Heating Ltd
367,GDNW,Nationwide Solar Ltd
368,GDOB,1 Business Enterprise Ltd
369,GDOE,Osborne Energy Ltd
370,GDOG,OUR GENERATION LIMITED
371,GDOM,OM2 Solutions Ltd
372,GDON,One Green Place Ltd
373,GDOP,Opus Green Limited
374,GDOS,One Stop Energy Ltd
375,GDPC,PECT Consultancy Limited
376,GDPE,Physis Energy Ltd
377,GDPF,Green Deal Provider Funding Ld
378,GDPL,Complete Plumbing Clean Energy
379,GDPM,Plumb-Line Contracting Ltd
380,GDPN,Green Deal Provider Network
381,GDPO,Polyramek Energy Ltd
382,GDPP,The Green Provider Limited
383,GDPR,Premier Energy Solutions Ltd
384,GDPS,Green Deal Property Services
385,GDPV,GDProvider Ltd
386,GDQU,Quodox Energy Ltd
387,GDRE,ReEnergise Finance Ltd.
388,GDRG,Rural Green Deal Ltd
389,GDRI,Renewable Infrastructure Ltd
390,GDRL,R.I.S. Insulation Ltd
391,GDRN,Renew Property
392,GDRP,The Ridgeway Partnership
393,GDRS,RateSetter
394,GDRX,Rexel UK Limited
395,GDSA,Sutton Solar & Renewables Ltd
396,GDSB,SEHBAC Ltd
397,GDSC,Scenergy Ltd
398,GDSD,Energy Save Direct Ltd
399,GDSE,G2V Solar Energy Solutions Ltd
400,GDSF,Safeguard Group
401,GDSH,The Green Deal Shop.com Ltd
402,GDSI,SIG GDP Company Ltd
403,GDSJ,Star Building Contractors Ltd
404,GDSK,Solar City Limited
405,GDSL,Servicetotal Ltd
406,GDSN,British Gas New Heating
407,GDSO,Solas Scotland Ltd
408,GDSP,SSE Green Deal Provider Ltd
409,GDSQ,Green Deal Providers Scotland
410,GDSR,Solus Renewable Energy Ltd
411,GDSS,Silverstone Green Energy Ltd
412,GDST,Stroma Group
413,GDSU,Centre for Sustainable Energy
414,GDSV,Severn Wye Energy Agency
415,GDSW,Solarwise Renewables Ltd
416,GDSX,Sunsource Energy Limited
417,GDSY,Gas Elec Safety Systems Ltd
418,GDSZ,British Gas New Heating
419,GDTA,Tameside Energy Services
420,GDTB,Telling Blaisdons Ltd
421,GDTC,City Satellite Limited
422,GDTE,Tempo Insulation Services Ltd
423,GDTG,TIC Green Energy Limited
424,GDTM,Team 42 Ltd
425,GDTO,Toriga Energy
426,GDTP,Tees Property Solutions Ltd
427,GDTR,Toriga Energy Ltd
428,GDTS,Strathern Solutions Limited
429,GDTY,Green 360 Ltd
430,GDUC,UCS Renewables
431,GDUK,UK Energy Partners Ltd
432,GDUN,Green Deal Union Ltd
433,GDUP,Green Deal Upgrade Limited
434,GDUS,Utd Sustainable Energy Agency
435,GDVC,Save Co2 Limited
436,GDVG,Green Vision Energy Limited
437,GDVH,50five-(UK) Ltd
438,GDVL,Verden Ltd
439,GDVO,Volta Green Deal
440,GDVS,Sustain Energy (UK) Ltd
441,GDVV,SFS Home Assist Ltd
442,GDWB,Wetherby Building Systems Ltd
443,GDWD,Willmott Dixon Energy Services
444,GDWE,Warmer Energy Services Ltd
445,GDWF,Warmfill Limited
446,GDWG,The Warmer Group Ltd
447,GDWH,Warmer Home Finance Ltd
448,GDWI,Willerby Energy Organisation
449,GDWR,WhiteGold Renewables Ltd
450,GDWS,Westdale Services Limited
451,GDWU,Wolseley UK
452,GDWW,Work Work Ltd
453,GDXP,Xenon Professionals Ltd
454,GDXR,2 RED Ltd
455,GDXS,Southern Energy Solutions Ltd
456,GDYE,Yorkshire Energy Group
457,GDYG,Your Green Deal Provider Ltd
458,GDZS,Sakhara Ltd
459,GESL,SO Energy Trading Limited
460,GETW,Utilita Energy Limited
461,GGEN,ECLIPSE POWER NETWORKS LTD
462,GLAC,The Gas Light & Coke Company
463,GMTR,GAZPROM M & T RETAIL LTD
464,GNRG,Green Energy (UK) Plc
465,GONG,First Utility Limited
466,GREN,Greenwich Energy Trading Ltd
467,GUCL,Energetics Electricity Ltd
468,GYPL,Great Yarmouth Power Limited
469,HARL,HARLAXTON ENERGY NETWORKS LTD
470,HAVE,Haven Power Limited
471,HAWK,MAXEN POWER SUPPLY LIMITED
472,HEEL,Hydro Electric Energy Ltd
473,HELE,SSE Energy Limited
474,HMAR,TXU Europe High Marnham Ltd
475,HOLB,Holborn Energy Limited
476,HOME,ENGIE Power Limited
477,HPES,HP Enterprise Services UK LTD
478,HPOW,Haven Power Limited
479,HUDG,Hudson Energy Supply UK Ltd
480,HUDS,Hudson Energy Supply UK Ltd
481,HUMB,Humber Power Ltd
482,HYDE,SSE Electricity Limited
483,IAMP,Ampoweruk Ltd
484,ICPL,ICI Chemicals and Polymers
485,ICTL,Tym Huckin Ltd
486,IHTL,IN HOME TECHNOLOGY LTD
487,IMPH,Atlantic Energy UK PLC
488,IMPO,SSE Energy Supply Limited
489,IMPX,Inovyn Chlor Energy Ltd
490,INDE,Independent Energy NHH
491,INDQ,Indian Queens Power Ltd
492,INDX,Independent Energy HH
493,INRE,INNOGY RENEWABLES UK LIMITED
494,INVE,AMPowerUK LTD
495,IPNL,Independent Power Networks Ltd
496,IRES,Octopus Energy Limited
497,IRID,PFP Energy Supplies Ltd
498,IRON,TXU Europe Ironbridge Ltd
499,ITRI,Itron Metering Solutions UK
500,JERE,Hudson Energy Supply UK Ltd
501,JETS,Tempus Energy Supply Limited
502,KEAD,Keadby Generation
503,KENS,Kensington Power Limited
504,KEPL,Keadby Power Ltd
505,KMSL,KEIGHLEY METERING SERVICES LTD
506,KNPL,Kingsnorth Power Ltd
507,LAKE,Lakeland Power Ltd
508,LBSL,Lowri Beck Services Ltd
509,LCMG,LogicaCMG (UK) Ltd.
510,LECL,London Energy Company Limited
511,LENC,Lenco
512,LENG,ESP Electricity Limited
513,LIGH,MVV Environment Services Ltd
514,LILY,Delta Gas And Power Ltd
515,LIME,Limejump Energy Limited
516,LMSL,LEYLAND METERING SERVICES LTD
517,LOND,EDF Energy Limited
518,LORM,E (GAS AND ELECTRICITY) LTD
519,LUME,GNERGY Limited
520,LUMO,OVO Electricity Limited
521,LVDR,ESB ENERGY LTD
522,MAEL,MA Energy Ltd
523,MAET,MA Energy Ltd
524,MAGN,Orsted Power Sales (UK) Ltd
525,MAGX,Magnox Electric Plc
526,MAIN,e2m - energy trading ltd
527,MANP,Manx Electricity Authority
528,MANW,MANWEB plc
529,MARB,Marble Power Limited
530,MARI,Logicor Energy Limited
531,MATT,MATTINA LIMITED
532,MAVE,Maverick Energy
533,MCOR,METER CORP LTD
534,MECB,Magic Thermodynamic Box
535,MEDP,Medway Power Ltd
536,MEMD,Metering Services (MIDE Area)
537,MEMW,Metering Services (MANW Area)
538,MENW,Metering Services (NORW Area)
539,MESL,Metering Services Ltd.
540,MESS,Metering Services (SPOW Area)
541,MFAL,Meter Fit Assets Limited
542,MFDE,Meter Fit 20 Limited
543,MFGE,Meter Fit 35 Limited
544,MFMP,Meter Fit
545,MFSE,Meter Fit 10 Limited
546,MFUL,Meter Fit 30 Limited
547,MFXC,Meter Fit
548,MGAS,Midlands Gas Ltd
549,MICL,MERIDIAN INFRASTRUCTURE
550,MIDE,Midlands Electricity plc
551,MINT,Toucan Energy Limited
552,MISS,MISSISSIPPI ENERGY LIMITED
553,MLBB,Macquarie Leasing Limited
554,MLLA,Macquarie Leasing Limited
555,MMAL,Magnum Metering Assets Ltd
556,MMSL,Fulcrum Metering Services Ltd
557,MONT,People's Energy (Supply) Ltd
558,MOPL,Meter Operators Ltd
559,MORR,Morrison Utility Services Ltd
560,MPDL,Murphy Power Distribution Ltd
561,MRCY,Octopus Energy Limited
562,MRSL,Meter Reading Services Ltd
563,MSCG,Morgan Stanley Capital Grp Inc
564,MSSL,Syndicate City Limited
565,MTRL,Brook Green Trading Limited
566,NATP,Npower Ltd
567,NCKL,Brilliant Energy Supply Ltd
568,NEEB,Northern Powergrid (Northeast)
569,NELC,British Energy Generation Ltd
570,NESL,Northern Energy Services Ltd
571,NEVA,NEVADA ENERGY LIMITED
572,NEWP,Shell Energy Supply UK Ltd.
573,NGAS,NGC Ancillary Services
574,NGCP,First Hydro Company
575,NGCY,National Grid Company
576,NGIB,NGC Interconnections Business
577,NGTL,Killingholme Power Limited
578,NHUK,Norsk Hydro UK Ltd
579,NMSL,NELSON METERING SERVICES LTD
580,NONE,SMETS Meter No Longer Fitted
581,NORW,Electricity North West Limited
582,NPML,Northern Powergrid Metering
583,NPOW,INNOGY Plc
584,NTWL,Nitrogen Two Ltd
585,NUCE,Magnox Electric plc
586,OBER,Addito Energy Limited
587,OGAS,British Gas Trading Ltd
588,OMSL,OAKMERE METERING SERVICES LTD
589,ONGE,Orange Limited
590,ONSA,OnStream
591,ONSE,OnStream
592,ONST,"UMSL, trading as OnStream"
593,OPAL,Avid Energy limited
594,OREB,MoneyPlus Energy Limited
595,OREG,OREGON ENERGY LIMITED
596,OSMI,BRISTOL ENERGY
597,OTWO,O2
598,OVOE,OVO Electricity Limited
599,OXPO,Opus Energy Limited
600,PADD,Paddington Power Limited
601,PALL,Palladium Energy Supply Ltd
602,PARK,One Wales Energy Ltd
603,PCHP,PowerGen Combined Heat & Power
604,PDAL,Power Data Associates Ltd
605,PENL,Leep Electricity Networks Ltd
606,PERL,Perle Energy Limited
607,PETE,Peterborough Power Ltd
608,PETX,Pentex (East Midlands) Ltd
609,PGEN,Eon Energy Solutions Ltd
610,PILO,Tonik Energy Limited
611,PION,Igloo Energy Supply Limited
612,PIRO,Piranello Energy Supply Ltd
613,PLEX,PLEXUS TECHNOLOGY LIMITED
614,PLUS,MeterPlus
615,PMSL,PRESTON METERING SERVICES LTD
616,POML,Powermet Ltd
617,POOL,ELEXON Limited
618,POWQ,Hartree Partners Supply UK
619,PRIM,PRI Ltd
620,PRIP,PRI Ltd
621,PROZ,DYCE ENERGY LTD
622,PSUK,Npower Ltd
623,PURE,Good Energy Limited
624,PUTY,Putney Energy Limited
625,QEEN,GoTo Energy (UK) Limited
626,RAYL,Victory Energy Supply Limited
627,RBOS,Royal Bank of Scotland
628,REGE,Bulb Energy Ltd
629,REGP,Regional Power Generators
630,RENC,The Renewable Energy Company
631,RGAS,Regent Gas
632,RHOD,Our Power Energy Supply Ltd
633,ROAM,Dummy Id for Roaming SIMS
634,ROCK,Rocksavage Power Company Ltd
635,ROSE,Gas & Power Ltd TA Gulf G & P
636,RUGE,TXU Europe Rugeley Ltd
637,RUTH,Rutherford Energy Supply Ltd
638,RWED,ENGIE Power Limited
639,SAFL,Solutions Asset Finance Ltd
640,SANT,Nabuh Energy Limited
641,SAPH,Electroroute Energy Limited
642,SATU,Satus Energy Limited
643,SCAF,Scafell Energy Limited
644,SCHL,Schlumberger Industries Ltd
645,SCPL,South Coast Power Limited
646,SEAB,Seabank Power Limited
647,SECL,Spalding Energy Company Ltd
648,SECU,Secus Ltd
649,SEEB,EDF Energy Limited
650,SEEE,Shell Energy Europe
651,SEEL,Sempra Energy Europe Limited
652,SEML,Simply Electric Metering Ltd
653,SEOA,Scottish & Southern Energy Plc
654,SESL,Scottish Electricity Settlemen
655,SGNS,SGN Smart Ltd
656,SHEL,Shell Power Ltd
657,SIEM,Siemens MCS
658,SIMC,Simcoe Energy Limited
659,SING,United Gas & Power Trading Ltd
660,SINQ,Sinq Power Ltd
661,SIRO,Hudson Energy Supply UK Ltd
662,SKLN,Skylane Energy Supply Limited
663,SLOU,Slough Energy Supplies Ltd
664,SLVR,CNG Electricity Limited
665,SMAL,SmartestEnergy Limited
666,SMAP,Smart Meter Assets 1 Limited
667,SMAR,SmartestEnergy Limited
668,SMLU,Secure Meters (UK) Limited
669,SMML,Smart Meter Management Ltd
670,SNCL,Stanor National Contracts Ltd
671,SNFR,Sunflower Energy Supply Ltd
672,SOLE,Solarplicity Energy Limited
673,SOUT,SSE Electricity Limited
674,SPAL,Home Energy Trading Limited
675,SPOW,Scottish Power plc
676,SPRK,Ovo Electricity Limited
677,SPSM,SP Smart Meter Assets Limited
678,SSIL,Stark Software International
679,SSSG,Actavo Network Solutions UK
680,STAT,Statkraft Markets GMBH
681,STCL,St Clements Services
682,SUFL,STARK UTILITY FUNDING LIMITED
683,SWAE,SSE Electricity Limited
684,SWDP,Snowdrop Energy Supply Limited
685,SWEB,EDF Energy Limited
686,SWEL,SSE Electricity Limited
687,SYMB,SYMBIO ENERGY LTD
688,SYSC,Syseca Ltd
689,TANA,SANTANA ENERGY LIMITED
690,TCGP,The Challenge Group
691,TEAM,The Team Group of Companies UK
692,TEMP,Temple Energy Limited
693,TESI,Teesside Power Ltd
694,TEXA,AVRO COMMERCIAL ENERGY
695,TGPL,TotalFinaElf Gas & Power
696,THLE,ORBIT ENERGY LIMITED
697,THRE,Corona Energy Retail 4 Limited
698,TILL,Tillicum Energy Limited
699,TLWD,Bruntwood Energy Services Ltd
700,TMOB,T-Mobile
701,TNDO,Pozitive Energy Limited
702,TOGO,Together Energy Supply Limited
703,TONB,Tonik Energy Limited
704,TOTO,Toto Energy Ltd
705,TRAM,Switch Business Gas & Power
706,TREX,Power4All
707,TROJ,TMA Data Management Ltd
708,TRUR,TruRead Limited
709,TULP,Pure Planet Limited
710,UDMS,UtilityDataManagementServices
711,UDNL,Energy Assets Networks Limited
712,UESL,Utility Energy Solutions Ltd
713,UFUN,Foresight Metering Ltd
714,UKDC,IMServ Europe Ltd
715,UKEL,UK Electric Power Ltd
716,UKEP,UK Electric Power
717,UKMS,UK Power Networks Metering
718,UKPD,UK Power Distribution Limited
719,UKPR,UK Power Reserve Limited
720,UMLD,UML Ltd
721,UMOL,Utilita Field Services Ltd
722,UPLD,SMS Energy Services Ltd
723,UPLH,SMS Energy Services Ltd
724,UPLX,Utility Partnership Ltd
725,UTFL,Amey Metering Limited
726,UTLX,Utilyx Limited
727,UUCO,Amey Metering Limited
728,UUMO,Amey Metering Limited
729,UUNL,Amey Metering Limited
730,UUUU,ELEXON - PARMS
731,VATT,Vattenfall Networks Ltd
732,VAVU,Vavu Power Limited
733,VERM,VERMONT ENERGY LIMITED
734,VETS,Vattenfall Energy Trading GmbH
735,VIPR,Viper Energy Supply Limited
736,VIRG,VIRGINIA ENERGY LIMITED
737,VMMA,Vantage Meters (MAP 1) Limited
738,VNGA,Venga Energy Supply Limited
739,VNQT,Vanquist Energy Supply Limited
740,VODA,Vodafone Limited
741,VOLT,Co-operative Energy Limited
742,WASH,UTILITY POINT LTD
743,WBUR,TXU Europe West Burton Ltd
744,WGAS,Western Gas Ltd
745,WILL,Willamette Energy Limited
746,WINT,Winterton Power Ltd
747,WPDR,Western Power Data Retriever
748,WPEM,Western Power East Midlands
749,WPRM,Western Power Remote Metering
750,WPSM,Western Power Distribution
751,WPSW,Western Power Dist South West
752,WPWA,Western Power Dist South Wales
753,WPWM,Western Power West Midlands
754,WREL,Utility Link Limited
755,YBGA,SP British Gas Trading
756,YEEL,SP Eastern Electricity
757,YELG,Northern Powergrid (Yorkshire)
758,YEME,SP East Midland Electricity
759,YHYD,SP Hydro Electric
760,YIND,SP Independent Energy (UK) Ltd
761,YLON,SP London Electricity
762,YMID,SP Midlands Electricity
763,YNAT,SP National Power
764,YNEE,SP Northern Electric
765,YNEL,SP Nuclear Electric
766,YNOR,SP NORWEB
767,YNUC,SP Magnox Electric
768,YPGE,SP PowerGen
769,YSEE,SP SEEBOARD
770,YSOU,SP Southern Electric
771,YSPO,SP Scottish Power plc
772,YSWA,SP South Wales Electricity
773,YSWE,SP South Western Electricity
774,YYEL,SP Yorkshire Electricity
775,ZEEL,HE Eastern Electricity
776,ZEME,HE East Midland Electricity
777,ZHYD,HE Scottish Hydro Electric plc
778,ZIND,HE Independent Energy (UK) Ltd
779,ZLON,HE London Electricity
780,ZMID,HE Midlands Electricity
781,ZNAT,HE National Power
782,ZNEE,HE Northern Electric
783,ZNOR,HE NORWEB
784,ZPGE,HE PowerGen
785,ZPYR,Green Network Energy Ltd
786,ZSEE,HE SEEBOARD
787,ZSOU,HE Southern Electric plc
788,ZSPO,HE ScottishPower
789,ZSWA,HE South Wales Electricity
790,ZTAR,REA AGENT ONLY (IMServ Europe)
791,ZYEL,HE Yorkshire Electricity
792,ZYTH,Zythos Energy Limited
793,ZZAA,Dummy NHHDA for Eastern
794,ZZAB,Dummy NHHDA for East Midlands
795,ZZAC,Dummy NHHDA for London
796,ZZAD,Dummy NHHDA for Manweb
797,ZZAE,Dummy NHHDA for Midlands
798,ZZAF,Dummy NHHDA for Northern
799,ZZAG,Dummy NHHDA for Norweb
800,ZZAH,Dummy NHHDA for Southern
801,ZZAJ,Dummy NHHDA for Seeboard
802,ZZAK,Dummy NHHDA for SWALEC
803,ZZAL,Dummy NHHDA for SWEB
804,ZZAM,Dummy NHHDA for Yorkshire
